# Ensembl gene id -> UniProt accession, for the SURFY surfaceome.
# Generated by scripts/build_surfy_gene_map.py from the UniProt
# cross-references of reviewed human proteins. Versionless gene ids,
# matching how GDC STAR-Counts tables are keyed.
# 3375 pairs covering 2706 of 2886 accessions.
ENSG00000221955	A0AV02
ENSG00000158220	A0FGR9
ENSG00000154025	A0PJK1
ENSG00000249581	A0PK11
ENSG00000185101	A1A5B4
ENSG00000137266	A1A5C7
ENSG00000110900	A1L157
ENSG00000214128	A2RRL7
ENSG00000121210	A2VDJ0
ENSG00000162727	A3KFT3
ENSG00000221933	A4D2G3
ENSG00000151812	A4IF30
ENSG00000186038	A5X5Y0
ENSG00000157890	A6BM72
ENSG00000187492	A6H8M9
ENSG00000180061	A6NC51
ENSG00000197706	A6NCV1
ENSG00000183560	A6ND01
ENSG00000189181	A6ND48
ENSG00000204033	A6NDA9
ENSG00000233412	A6NDH6
ENSG00000205327	A6NDL8
ENSG00000185105	A6NDP7
ENSG00000137103	A6NDV4
ENSG00000206536	A6NET4
ENSG00000274209	A6NF34
ENSG00000188324	A6NF89
ENSG00000269113	A6NFA1
ENSG00000204278	A6NFC5
ENSG00000205639	A6NFX1
ENSG00000280021	A6NGY5
ENSG00000177462	A6NH00
ENSG00000184716	A6NH21
ENSG00000185926	A6NHA9
ENSG00000236032	A6NHG9
ENSG00000205693	A6NHS7
ENSG00000187116	A6NI73
ENSG00000274113	A6NI73
ENSG00000274914	A6NI73
ENSG00000275404	A6NI73
ENSG00000278355	A6NI73
ENSG00000184954	A6NIJ9
ENSG00000188991	A6NIM6
ENSG00000254126	A6NJW9
ENSG00000205328	A6NJZ3
ENSG00000135749	A6NKB5
ENSG00000231192	A6NKK0
ENSG00000187857	A6NL08
ENSG00000198283	A6NL26
ENSG00000187902	A6NL88
ENSG00000188124	A6NM03
ENSG00000238083	A6NM11
ENSG00000185758	A6NM45
ENSG00000185821	A6NM76
ENSG00000196098	A6NMS3
ENSG00000176681	A6NMS7
ENSG00000292249	A6NMZ5
ENSG00000171561	A6NND4
ENSG00000166558	A6NNN8
ENSG00000140323	A7MBM2
ENSG00000183185	A8MPY1
ENSG00000214978	A8MUP6
ENSG00000214212	A8MVS5
ENSG00000161682	A8MVW0
ENSG00000188175	A8MVW5
ENSG00000164659	A8MWY0
ENSG00000214376	A8MXK1
ENSG00000267368	B0FP48
ENSG00000284981	B0FP48
ENSG00000257115	B2RN74
ENSG00000232258	B3SHH9
ENSG00000237515	B4DS77
ENSG00000248385	B6A8C7
ENSG00000273875	B6A8C7
ENSG00000274889	B6A8C7
ENSG00000275123	B6A8C7
ENSG00000275384	B6A8C7
ENSG00000275806	B6A8C7
ENSG00000276145	B6A8C7
ENSG00000276355	B6A8C7
ENSG00000276604	B6A8C7
ENSG00000277178	B6A8C7
ENSG00000269526	B6SEH8
ENSG00000268964	B6SEH9
ENSG00000234965	B8ZZ34
ENSG00000256797	D3W0D1
ENSG00000261272	E2RYF6
ENSG00000228594	F2Z333
ENSG00000180044	F5H4A9
ENSG00000261115	H3BS89
ENSG00000261949	I3L273
ENSG00000188763	O00144
ENSG00000170128	O00155
ENSG00000136869	O00206
ENSG00000104689	O00220
ENSG00000179603	O00222
ENSG00000101307	O00241
ENSG00000164220	O00254
ENSG00000120436	O00270
ENSG00000105668	O00322
ENSG00000156222	O00337
ENSG00000162383	O00341
ENSG00000116260	O00391
ENSG00000078589	O00398
ENSG00000169359	O00400
ENSG00000121797	O00421
ENSG00000168546	O00451
ENSG00000111801	O00478
ENSG00000026950	O00481
ENSG00000110375	O00526
ENSG00000134121	O00533
ENSG00000198719	O00548
ENSG00000275555	O00548
ENSG00000172215	O00574
ENSG00000144648	O00590
ENSG00000094755	O00591
ENSG00000128567	O00592
ENSG00000189143	O14493
ENSG00000067113	O14494
ENSG00000162407	O14495
ENSG00000158458	O14511
ENSG00000181790	O14514
ENSG00000196090	O14522
ENSG00000166881	O14524
ENSG00000152092	O14525
ENSG00000185385	O14581
ENSG00000174946	O14626
ENSG00000137845	O14672
ENSG00000180245	O14718
ENSG00000187730	O14764
ENSG00000099250	O14786
ENSG00000120659	O14788
ENSG00000173535	O14798
ENSG00000135569	O14804
ENSG00000214063	O14817
ENSG00000240505	O14836
ENSG00000126266	O14842
ENSG00000185897	O14843
ENSG00000142484	O14894
ENSG00000118946	O14917
ENSG00000204475	O14931
ENSG00000206430	O14931
ENSG00000223833	O14931
ENSG00000225211	O14931
ENSG00000236315	O14931
ENSG00000236979	O14931
ENSG00000237103	O14931
ENSG00000237808	O14931
ENSG00000124882	O14944
ENSG00000196576	O15031
ENSG00000141458	O15118
ENSG00000030304	O15146
ENSG00000168675	O15165
ENSG00000166856	O15218
ENSG00000112499	O15244
ENSG00000175003	O15245
ENSG00000113262	O15303
ENSG00000100926	O15321
ENSG00000285465	O15321
ENSG00000170775	O15354
ENSG00000168679	O15374
ENSG00000170190	O15375
ENSG00000268500	O15389
ENSG00000154654	O15394
ENSG00000105464	O15399
ENSG00000108932	O15403
ENSG00000136868	O15431
ENSG00000108846	O15438
ENSG00000125257	O15439
ENSG00000114770	O15440
ENSG00000164342	O15455
ENSG00000126251	O15529
ENSG00000099957	O15547
ENSG00000165215	O15551
ENSG00000126262	O15552
ENSG00000185070	O43155
ENSG00000164050	O43157
ENSG00000148848	O43184
ENSG00000102539	O43193
ENSG00000183840	O43194
ENSG00000099960	O43246
ENSG00000118094	O43280
ENSG00000167642	O43291
ENSG00000146006	O43300
ENSG00000174233	O43306
ENSG00000103569	O43315
ENSG00000152208	O43424
ENSG00000007062	O43490
ENSG00000152291	O43493
ENSG00000292253	O43493
ENSG00000006283	O43497
ENSG00000134007	O43506
ENSG00000091137	O43511
ENSG00000127990	O43556
ENSG00000082996	O43567
ENSG00000074410	O43570
ENSG00000182687	O43603
ENSG00000121764	O43613
ENSG00000137252	O43614
ENSG00000167653	O43653
ENSG00000000003	O43657
ENSG00000141934	O43688
ENSG00000105492	O43699
ENSG00000168124	O43749
ENSG00000281500	O43826
ENSG00000137860	O43868
ENSG00000273508	O43869
ENSG00000275244	O43869
ENSG00000122121	O43895
ENSG00000099617	O43921
ENSG00000092931	O43934
ENSG00000153802	O60235
ENSG00000121753	O60241
ENSG00000135298	O60242
ENSG00000169851	O60245
ENSG00000138031	O60266
ENSG00000173705	O60279
ENSG00000176809	O60309
ENSG00000253159	O60330
ENSG00000164930	O60353
ENSG00000006116	O60359
ENSG00000116032	O60391
ENSG00000171942	O60403
ENSG00000171936	O60404
ENSG00000127529	O60412
ENSG00000094661	O60431
ENSG00000054219	O60449
ENSG00000248672	O60449
ENSG00000118257	O60462
ENSG00000171587	O60469
ENSG00000291561	O60469
ENSG00000077585	O60478
ENSG00000136040	O60486
ENSG00000149573	O60487
ENSG00000161270	O60500
ENSG00000162104	O60503
ENSG00000187554	O60602
ENSG00000137462	O60603
ENSG00000146013	O60609
ENSG00000117472	O60635
ENSG00000134198	O60636
ENSG00000140391	O60637
ENSG00000118596	O60669
ENSG00000069431	O60706
ENSG00000128310	O60755
ENSG00000117479	O60779
ENSG00000170075	O60883
ENSG00000131477	O60895
ENSG00000122679	O60896
ENSG00000040531	O60931
ENSG00000149575	O60939
ENSG00000162747	O75015
ENSG00000104974	O75019
ENSG00000274935	O75019
ENSG00000275525	O75019
ENSG00000277398	O75019
ENSG00000204577	O75022
ENSG00000274587	O75022
ENSG00000275019	O75022
ENSG00000105609	O75023
ENSG00000273991	O75023
ENSG00000274311	O75023
ENSG00000277414	O75023
ENSG00000278437	O75023
ENSG00000076356	O75051
ENSG00000143061	O75054
ENSG00000130881	O75074
ENSG00000114948	O75077
ENSG00000073670	O75078
ENSG00000155760	O75084
ENSG00000134569	O75096
ENSG00000198948	O75121
ENSG00000148219	O75129
ENSG00000160223	O75144
ENSG00000162337	O75197
ENSG00000166589	O75309
ENSG00000145451	O75311
ENSG00000170382	O75325
ENSG00000138623	O75326
ENSG00000288455	O75326
ENSG00000168032	O75355
ENSG00000149150	O75387
ENSG00000142511	O75388
ENSG00000109927	O75443
ENSG00000042781	O75445
ENSG00000139292	O75473
ENSG00000076716	O75487
ENSG00000013297	O75508
ENSG00000146072	O75509
ENSG00000143127	O75578
ENSG00000070018	O75581
ENSG00000281324	O75581
ENSG00000100373	O75631
ENSG00000188910	O75712
ENSG00000146477	O75751
ENSG00000114638	O75841
ENSG00000105352	O75871
ENSG00000274131	O75871
ENSG00000088812	O75882
ENSG00000136928	O75899
ENSG00000011105	O75954
ENSG00000108582	O75976
ENSG00000204703	O76000
ENSG00000206524	O76000
ENSG00000225736	O76000
ENSG00000226832	O76000
ENSG00000231319	O76000
ENSG00000233054	O76000
ENSG00000233180	O76000
ENSG00000233687	O76000
ENSG00000204701	O76001
ENSG00000206522	O76001
ENSG00000226271	O76001
ENSG00000229866	O76001
ENSG00000232178	O76001
ENSG00000233618	O76001
ENSG00000233636	O76001
ENSG00000196231	O76002
ENSG00000204700	O76002
ENSG00000225550	O76002
ENSG00000226000	O76002
ENSG00000226347	O76002
ENSG00000231676	O76002
ENSG00000232945	O76002
ENSG00000234746	O76002
ENSG00000189430	O76036
ENSG00000273506	O76036
ENSG00000273535	O76036
ENSG00000273916	O76036
ENSG00000274053	O76036
ENSG00000275156	O76036
ENSG00000275822	O76036
ENSG00000277629	O76036
ENSG00000277824	O76036
ENSG00000278362	O76036
ENSG00000197375	O76082
ENSG00000127530	O76099
ENSG00000127515	O76100
ENSG00000176956	O94772
ENSG00000274488	O94772
ENSG00000103375	O94778
ENSG00000149972	O94779
ENSG00000163531	O94856
ENSG00000196187	O94886
ENSG00000198799	O94898
ENSG00000072071	O94910
ENSG00000288324	O94910
ENSG00000141338	O94911
ENSG00000121871	O94933
ENSG00000137491	O94956
ENSG00000171603	O94985
ENSG00000165300	O94991
ENSG00000221910	O95006
ENSG00000284965	O95006
ENSG00000221813	O95007
ENSG00000284939	O95007
ENSG00000176269	O95013
ENSG00000180658	O95047
ENSG00000267534	O95136
ENSG00000181634	O95150
ENSG00000182168	O95185
ENSG00000114646	O95196
ENSG00000136099	O95206
ENSG00000149133	O95221
ENSG00000184933	O95222
ENSG00000115607	O95256
ENSG00000149305	O95264
ENSG00000124466	O95274
ENSG00000164626	O95279
ENSG00000197965	O95297
ENSG00000073734	O95342
ENSG00000168158	O95371
ENSG00000189280	O95377
ENSG00000157765	O95436
ENSG00000121742	O95452
ENSG00000181885	O95471
ENSG00000288292	O95471
ENSG00000165029	O95477
ENSG00000213937	O95484
ENSG00000117114	O95490
ENSG00000112299	O95497
ENSG00000112303	O95498
ENSG00000197496	O95528
ENSG00000173175	O95622
ENSG00000169006	O95665
ENSG00000109943	O95727
ENSG00000135622	O95754
ENSG00000119737	O95800
ENSG00000163347	O95832
ENSG00000065325	O95838
ENSG00000106537	O95857
ENSG00000099282	O95858
ENSG00000204420	O95866
ENSG00000206396	O95866
ENSG00000224393	O95866
ENSG00000228090	O95866
ENSG00000230060	O95866
ENSG00000231003	O95866
ENSG00000237459	O95866
ENSG00000204421	O95867
ENSG00000206398	O95867
ENSG00000228250	O95867
ENSG00000228859	O95867
ENSG00000235452	O95867
ENSG00000235925	O95867
ENSG00000236183	O95867
ENSG00000206402	O95868
ENSG00000225993	O95868
ENSG00000226603	O95868
ENSG00000234443	O95868
ENSG00000235302	O95868
ENSG00000236902	O95868
ENSG00000244355	O95868
ENSG00000100156	O95907
ENSG00000204657	O95918
ENSG00000206467	O95918
ENSG00000206512	O95918
ENSG00000224319	O95918
ENSG00000227044	O95918
ENSG00000229185	O95918
ENSG00000229680	O95918
ENSG00000096264	O95944
ENSG00000117281	O95971
ENSG00000140749	O95976
ENSG00000283934	O95976
ENSG00000125910	O95977
ENSG00000122707	O95980
ENSG00000146648	P00533
ENSG00000130164	P01130
ENSG00000138798	P01133
ENSG00000163235	P01135
ENSG00000134460	P01589
ENSG00000010610	P01730
ENSG00000153563	P01732
ENSG00000162896	P01833
ENSG00000234745	P01889
ENSG00000204287	P01903
ENSG00000206308	P01903
ENSG00000226260	P01903
ENSG00000227993	P01903
ENSG00000228987	P01903
ENSG00000230726	P01903
ENSG00000234794	P01903
ENSG00000277263	P01903
ENSG00000206301	P01906
ENSG00000223793	P01906
ENSG00000225103	P01906
ENSG00000231526	P01906
ENSG00000231823	P01906
ENSG00000233192	P01906
ENSG00000237541	P01906
ENSG00000257473	P01906
ENSG00000196735	P01909
ENSG00000206305	P01909
ENSG00000232062	P01909
ENSG00000257473	P01909
ENSG00000196126	P01911
ENSG00000225824	P01920
ENSG00000231286	P01920
ENSG00000233209	P01920
ENSG00000138435	P02708
ENSG00000170180	P02724
ENSG00000004939	P02730
ENSG00000128617	P03999
ENSG00000102076	P04000
ENSG00000166160	P04001
ENSG00000268221	P04001
ENSG00000269433	P04001
ENSG00000171867	P04156
ENSG00000130368	P04201
ENSG00000154096	P04216
ENSG00000019582	P04233
ENSG00000167286	P04234
ENSG00000206503	P04439
ENSG00000215048	P04440
ENSG00000223865	P04440
ENSG00000226826	P04440
ENSG00000230763	P04440
ENSG00000236693	P04440
ENSG00000237710	P04440
ENSG00000141736	P04626
ENSG00000198400	P04629
ENSG00000165168	P04839
ENSG00000163902	P04843
ENSG00000136732	P04921
ENSG00000163399	P05023
ENSG00000143153	P05026
ENSG00000142192	P05067
ENSG00000259207	P05106
ENSG00000160255	P05107
ENSG00000162551	P05186
ENSG00000163283	P05187
ENSG00000090339	P05362
ENSG00000196610	P05538
ENSG00000224305	P05538
ENSG00000226165	P05538
ENSG00000228254	P05538
ENSG00000228813	P05538
ENSG00000229493	P05538
ENSG00000230675	P05538
ENSG00000232629	P05538
ENSG00000150093	P05556
ENSG00000158477	P06126
ENSG00000110448	P06127
ENSG00000171105	P06213
ENSG00000204252	P06340
ENSG00000206292	P06340
ENSG00000230141	P06340
ENSG00000231558	P06340
ENSG00000232957	P06340
ENSG00000232962	P06340
ENSG00000235744	P06340
ENSG00000116824	P06729
ENSG00000105388	P06731
ENSG00000138448	P06756
ENSG00000175445	P06858
ENSG00000115705	P07202
ENSG00000178726	P07204
ENSG00000141505	P07306
ENSG00000161944	P07307
ENSG00000182578	P07333
ENSG00000185245	P07359
ENSG00000196811	P07510
ENSG00000169252	P07550
ENSG00000169344	P07911
ENSG00000165731	P07949
ENSG00000169562	P08034
ENSG00000140443	P08069
ENSG00000163914	P08100
ENSG00000064300	P08138
ENSG00000181072	P08172
ENSG00000180720	P08173
ENSG00000196352	P08174
ENSG00000085563	P08183
ENSG00000168003	P08195
ENSG00000102003	P08247
ENSG00000196549	P08473
ENSG00000005961	P08514
ENSG00000170458	P08571
ENSG00000081237	P08575
ENSG00000262418	P08575
ENSG00000105976	P08581
ENSG00000163975	P08582
ENSG00000043591	P08588
ENSG00000203747	P08637
ENSG00000161638	P08648
ENSG00000160712	P08887
ENSG00000178394	P08908
ENSG00000184984	P08912
ENSG00000150594	P08913
ENSG00000047936	P08922
ENSG00000135404	P08962
ENSG00000170927	P08F94
ENSG00000170166	P09016
ENSG00000126903	P09131
ENSG00000117091	P09326
ENSG00000173762	P09564
ENSG00000184371	P09603
ENSG00000113721	P09619
ENSG00000160654	P09693
ENSG00000184292	P09758
ENSG00000115850	P09848
ENSG00000163295	P09923
ENSG00000140564	P09958
ENSG00000292252	P0C617
ENSG00000292247	P0C629
ENSG00000276240	P0C645
ENSG00000220008	P0C6S8
ENSG00000281038	P0C7N5
ENSG00000281395	P0C7T2
ENSG00000281489	P0C7T2
ENSG00000188691	P0C7T3
ENSG00000225968	P0C7U0
ENSG00000206077	P0C7U3
ENSG00000136698	P0CG37
ENSG00000261594	P0DKB5
ENSG00000282608	P0DMS8
ENSG00000180155	P0DP58
ENSG00000284505	P0DP58
ENSG00000243284	P0DPA2
ENSG00000142949	P10586
ENSG00000003436	P10646
ENSG00000163286	P10696
ENSG00000157404	P10721
ENSG00000178562	P10747
ENSG00000112964	P10912
ENSG00000172116	P10966
ENSG00000104894	P11049
ENSG00000134575	P11117
ENSG00000117394	P11166
ENSG00000163581	P11168
ENSG00000059804	P11169
ENSG00000169896	P11215
ENSG00000168539	P11229
ENSG00000170175	P11230
ENSG00000283946	P11230
ENSG00000185896	P11279
ENSG00000077782	P11362
ENSG00000197081	P11717
ENSG00000156738	P11836
ENSG00000105369	P11912
ENSG00000150337	P12314
ENSG00000143226	P12318
ENSG00000179639	P12319
ENSG00000291905	P12319
ENSG00000159640	P12821
ENSG00000039068	P12830
ENSG00000203618	P13224
ENSG00000241186	P13385
ENSG00000005893	P13473
ENSG00000149294	P13591
ENSG00000108622	P13598
ENSG00000115232	P13612
ENSG00000105409	P13637
ENSG00000079385	P13688
ENSG00000117525	P13726
ENSG00000204592	P13747
ENSG00000206493	P13747
ENSG00000225201	P13747
ENSG00000229252	P13747
ENSG00000230254	P13747
ENSG00000233904	P13747
ENSG00000236632	P13747
ENSG00000227357	P13762
ENSG00000231021	P13762
ENSG00000239457	P13765
ENSG00000241106	P13765
ENSG00000241386	P13765
ENSG00000241910	P13765
ENSG00000243496	P13765
ENSG00000243612	P13765
ENSG00000100170	P13866
ENSG00000188778	P13945
ENSG00000085063	P13987
ENSG00000284969	P13987
ENSG00000188404	P14151
ENSG00000165457	P14207
ENSG00000135678	P14384
ENSG00000129244	P14415
ENSG00000149295	P14416
ENSG00000027644	P14616
ENSG00000181856	P14672
ENSG00000288174	P14672
ENSG00000077498	P14679
ENSG00000115594	P14778
ENSG00000100385	P14784
ENSG00000022355	P14867
ENSG00000166825	P15144
ENSG00000073008	P15151
ENSG00000027697	P15260
ENSG00000110195	P15328
ENSG00000177455	P15391
ENSG00000198223	P15509
ENSG00000292357	P15509
ENSG00000109321	P15514
ENSG00000117335	P15529
ENSG00000158488	P15812
ENSG00000158473	P15813
ENSG00000185499	P15941
ENSG00000169418	P16066
ENSG00000026508	P16070
ENSG00000174175	P16109
ENSG00000132470	P16144
ENSG00000197471	P16150
ENSG00000134853	P16234
ENSG00000261371	P16284
ENSG00000163599	P16410
ENSG00000119888	P16422
ENSG00000015413	P16444
ENSG00000113494	P16471
ENSG00000165409	P16473
ENSG00000007908	P16581
ENSG00000135218	P16671
ENSG00000168685	P16871
ENSG00000142166	P17181
ENSG00000164171	P17301
ENSG00000152661	P17302
ENSG00000113389	P17342
ENSG00000107165	P17643
ENSG00000204632	P17693
ENSG00000206506	P17693
ENSG00000230413	P17693
ENSG00000233095	P17693
ENSG00000235346	P17693
ENSG00000235680	P17693
ENSG00000237216	P17693
ENSG00000276051	P17693
ENSG00000160716	P17787
ENSG00000106991	P17813
ENSG00000203710	P17927
ENSG00000102755	P17948
ENSG00000082781	P18084
ENSG00000274286	P18089
ENSG00000132670	P18433
ENSG00000163288	P18505
ENSG00000113327	P18507
ENSG00000115221	P18564
ENSG00000089692	P18627
ENSG00000184160	P18825
ENSG00000115884	P18827
ENSG00000145730	P19021
ENSG00000170558	P19022
ENSG00000127324	P19075
ENSG00000187266	P19235
ENSG00000116815	P19256
ENSG00000162692	P19320
ENSG00000143119	P19397
ENSG00000067182	P19438
ENSG00000100031	P19440
ENSG00000090020	P19634
ENSG00000117322	P20023
ENSG00000168384	P20036
ENSG00000206291	P20036
ENSG00000224103	P20036
ENSG00000228163	P20036
ENSG00000229685	P20036
ENSG00000231389	P20036
ENSG00000235844	P20036
ENSG00000236177	P20036
ENSG00000105383	P20138
ENSG00000012124	P20273
ENSG00000133019	P20309
ENSG00000028137	P20333
ENSG00000159899	P20594
ENSG00000003056	P20645
ENSG00000005844	P20701
ENSG00000140678	P20702
ENSG00000169242	P20827
ENSG00000105695	P20916
ENSG00000005471	P21439
ENSG00000075073	P21452
ENSG00000170989	P21453
ENSG00000171051	P21462
ENSG00000118432	P21554
ENSG00000049130	P21583
ENSG00000135318	P21589
ENSG00000146904	P21709
ENSG00000284816	P21709
ENSG00000184845	P21728
ENSG00000197405	P21730
ENSG00000006638	P21731
ENSG00000188372	P21754
ENSG00000038945	P21757
ENSG00000066468	P21802
ENSG00000065361	P21860
ENSG00000069696	P21917
ENSG00000276825	P21917
ENSG00000169676	P21918
ENSG00000010278	P21926
ENSG00000177272	P22001
ENSG00000062038	P22223
ENSG00000087085	P22303
ENSG00000197594	P22413
ENSG00000160867	P22455
ENSG00000068078	P22607
ENSG00000142583	P22732
ENSG00000167434	P22748
ENSG00000126860	P22794
ENSG00000138039	P22888
ENSG00000260314	P22897
ENSG00000091409	P23229
ENSG00000197993	P23276
ENSG00000276615	P23276
ENSG00000145888	P23415
ENSG00000101958	P23416
ENSG00000127329	P23467
ENSG00000153707	P23468
ENSG00000144724	P23470
ENSG00000106278	P23471
ENSG00000117586	P23510
ENSG00000126861	P23515
ENSG00000291720	P23515
ENSG00000058668	P23634
ENSG00000112619	P23942
ENSG00000170820	P23945
ENSG00000103546	P23975
ENSG00000146276	P24046
ENSG00000186431	P24071
ENSG00000273738	P24071
ENSG00000274580	P24071
ENSG00000275136	P24071
ENSG00000275269	P24071
ENSG00000275564	P24071
ENSG00000275970	P24071
ENSG00000276858	P24071
ENSG00000276985	P24071
ENSG00000278415	P24071
ENSG00000283750	P24071
ENSG00000284061	P24071
ENSG00000077238	P24394
ENSG00000136160	P24530
ENSG00000113749	P25021
ENSG00000163464	P25024
ENSG00000180871	P25025
ENSG00000272398	P25063
ENSG00000187474	P25089
ENSG00000171049	P25090
ENSG00000070019	P25092
ENSG00000171873	P25100
ENSG00000151617	P25101
ENSG00000115353	P25103
ENSG00000169403	P25105
ENSG00000144476	P25106
ENSG00000181104	P25116
ENSG00000158887	P25189
ENSG00000026103	P25445
ENSG00000164128	P25929
ENSG00000101017	P25942
ENSG00000005884	P26006
ENSG00000139626	P26010
ENSG00000105855	P26012
ENSG00000134545	P26715
ENSG00000205809	P26717
ENSG00000213809	P26718
ENSG00000139193	P26842
ENSG00000185291	P26951
ENSG00000292332	P26951
ENSG00000122756	P26992
ENSG00000121989	P27037
ENSG00000197635	P27487
ENSG00000085117	P27701
ENSG00000115590	P27930
ENSG00000204257	P28067
ENSG00000239463	P28067
ENSG00000242361	P28067
ENSG00000242685	P28067
ENSG00000243189	P28067
ENSG00000243215	P28067
ENSG00000243719	P28067
ENSG00000226264	P28068
ENSG00000234154	P28068
ENSG00000239329	P28068
ENSG00000241296	P28068
ENSG00000241674	P28068
ENSG00000242092	P28068
ENSG00000242386	P28068
ENSG00000242574	P28068
ENSG00000179546	P28221
ENSG00000135312	P28222
ENSG00000102468	P28223
ENSG00000147246	P28335
ENSG00000135577	P28336
ENSG00000166206	P28472
ENSG00000111886	P28476
ENSG00000168830	P28566
ENSG00000173482	P28827
ENSG00000174059	P28906
ENSG00000004468	P28907
ENSG00000120949	P28908
ENSG00000158485	P29016
ENSG00000158481	P29017
ENSG00000165474	P29033
ENSG00000128271	P29274
ENSG00000170425	P29275
ENSG00000142627	P29317
ENSG00000044524	P29320
ENSG00000070886	P29322
ENSG00000133216	P29323
ENSG00000169836	P29371
ENSG00000062524	P29376
ENSG00000102245	P29965
ENSG00000240583	P29972
ENSG00000013725	P30203
ENSG00000135517	P30301
ENSG00000169908	P30408
ENSG00000168398	P30411
ENSG00000137403	P30511
ENSG00000204642	P30511
ENSG00000206509	P30511
ENSG00000229698	P30511
ENSG00000235220	P30511
ENSG00000237508	P30511
ENSG00000126895	P30518
ENSG00000167601	P30530
ENSG00000157103	P30531
ENSG00000169684	P30532
ENSG00000163485	P30542
ENSG00000126010	P30550
ENSG00000144891	P30556
ENSG00000180914	P30559
ENSG00000139514	P30825
ENSG00000139874	P30872
ENSG00000180616	P30874
ENSG00000117971	P30926
ENSG00000179097	P30939
ENSG00000180016	P30953
ENSG00000196184	P30954
ENSG00000291903	P30954
ENSG00000109163	P30968
ENSG00000004948	P30988
ENSG00000101188	P30989
ENSG00000169442	P31358
ENSG00000132671	P31391
ENSG00000140675	P31639
ENSG00000131389	P31641
ENSG00000186297	P31644
ENSG00000108576	P31645
ENSG00000147168	P31785
ENSG00000072694	P31994
ENSG00000124469	P31997
ENSG00000198910	P32004
ENSG00000163394	P32238
ENSG00000110148	P32239
ENSG00000114812	P32241
ENSG00000166603	P32245
ENSG00000163823	P32246
ENSG00000102239	P32247
ENSG00000126353	P32248
ENSG00000169508	P32249
ENSG00000080644	P32297
ENSG00000160683	P32302
ENSG00000183023	P32418
ENSG00000278195	P32745
ENSG00000134757	P32926
ENSG00000100368	P32927
ENSG00000076662	P32942
ENSG00000125726	P32970
ENSG00000106952	P32971
ENSG00000176136	P33032
ENSG00000179776	P33151
ENSG00000103222	P33527
ENSG00000278183	P33527
ENSG00000121594	P33681
ENSG00000169439	P34741
ENSG00000129226	P34810
ENSG00000011677	P34903
ENSG00000185862	P34910
ENSG00000291721	P34910
ENSG00000163785	P34925
ENSG00000148680	P34969
ENSG00000188822	P34972
ENSG00000174417	P34981
ENSG00000184166	P34982
ENSG00000160951	P34995
ENSG00000120088	P34998
ENSG00000263715	P34998
ENSG00000276191	P34998
ENSG00000278232	P34998
ENSG00000063660	P35052
ENSG00000174808	P35070
ENSG00000187513	P35212
ENSG00000162009	P35346
ENSG00000120907	P35348
ENSG00000196639	P35367
ENSG00000170214	P35368
ENSG00000112038	P35372
ENSG00000171522	P35408
ENSG00000204687	P35410
ENSG00000206470	P35410
ENSG00000206515	P35410
ENSG00000228377	P35410
ENSG00000228515	P35410
ENSG00000233141	P35410
ENSG00000234954	P35410
ENSG00000237284	P35410
ENSG00000134817	P35414
ENSG00000151577	P35462
ENSG00000144285	P35498
ENSG00000007314	P35499
ENSG00000066056	P35590
ENSG00000172270	P35613
ENSG00000037280	P35916
ENSG00000128052	P35968
ENSG00000175344	P36544
ENSG00000274542	P36544
ENSG00000122025	P36888
ENSG00000107779	P36894
ENSG00000135503	P36896
ENSG00000106799	P36897
ENSG00000111321	P36941
ENSG00000139567	P37023
ENSG00000111319	P37088
ENSG00000163513	P37173
ENSG00000166148	P37288
ENSG00000159128	P38484
ENSG00000262795	P38484
ENSG00000106304	P38567
ENSG00000083457	P38570
ENSG00000171189	P39086
ENSG00000080166	P40126
ENSG00000134352	P40189
ENSG00000178732	P40197
ENSG00000170956	P40198
ENSG00000086548	P40199
ENSG00000153283	P40200
ENSG00000117400	P40238
ENSG00000007312	P40259
ENSG00000091138	P40879
ENSG00000185664	P40967
ENSG00000116329	P41143
ENSG00000082556	P41145
ENSG00000125510	P41146
ENSG00000036828	P41180
ENSG00000167580	P41181
ENSG00000091972	P41217
ENSG00000175591	P41231
ENSG00000173638	P41440
ENSG00000078549	P41586
ENSG00000106018	P41587
ENSG00000168959	P41594
ENSG00000135914	P41595
ENSG00000121807	P41597
ENSG00000156298	P41732
ENSG00000124089	P41968
ENSG00000114013	P42081
ENSG00000155511	P42261
ENSG00000120251	P42262
ENSG00000125675	P42263
ENSG00000130226	P42658
ENSG00000096996	P42701
ENSG00000113594	P42702
ENSG00000117298	P42892
ENSG00000079215	P43003
ENSG00000110436	P43004
ENSG00000106688	P43005
ENSG00000115902	P43007
ENSG00000122420	P43088
ENSG00000050628	P43115
ENSG00000125384	P43116
ENSG00000160013	P43119
ENSG00000076706	P43121
ENSG00000187323	P43146
ENSG00000112164	P43220
ENSG00000124783	P43307
ENSG00000186827	P43489
ENSG00000125498	P43626
ENSG00000273510	P43626
ENSG00000273794	P43626
ENSG00000274692	P43626
ENSG00000274926	P43626
ENSG00000275276	P43626
ENSG00000275750	P43626
ENSG00000276310	P43626
ENSG00000276625	P43626
ENSG00000277356	P43626
ENSG00000277833	P43626
ENSG00000278248	P43626
ENSG00000278495	P43626
ENSG00000278503	P43626
ENSG00000278738	P43626
ENSG00000278755	P43626
ENSG00000278821	P43626
ENSG00000283723	P43626
ENSG00000284145	P43626
ENSG00000284347	P43626
ENSG00000284401	P43626
ENSG00000275407	P43627
ENSG00000275546	P43627
ENSG00000275914	P43627
ENSG00000276011	P43627
ENSG00000276731	P43627
ENSG00000278731	P43627
ENSG00000243772	P43628
ENSG00000273887	P43628
ENSG00000274108	P43628
ENSG00000274402	P43628
ENSG00000274410	P43628
ENSG00000274830	P43628
ENSG00000274952	P43628
ENSG00000275008	P43628
ENSG00000275623	P43628
ENSG00000275658	P43628
ENSG00000276218	P43628
ENSG00000276459	P43628
ENSG00000276590	P43628
ENSG00000277317	P43628
ENSG00000277484	P43628
ENSG00000277554	P43628
ENSG00000277924	P43628
ENSG00000278327	P43628
ENSG00000283702	P43628
ENSG00000283708	P43628
ENSG00000283790	P43628
ENSG00000284333	P43628
ENSG00000284504	P43628
ENSG00000284510	P43628
ENSG00000167633	P43629
ENSG00000274036	P43629
ENSG00000275288	P43629
ENSG00000276423	P43629
ENSG00000284342	P43629
ENSG00000284426	P43629
ENSG00000240403	P43630
ENSG00000274722	P43630
ENSG00000275083	P43630
ENSG00000275416	P43630
ENSG00000275566	P43630
ENSG00000275626	P43630
ENSG00000276004	P43630
ENSG00000276357	P43630
ENSG00000276739	P43630
ENSG00000277181	P43630
ENSG00000278361	P43630
ENSG00000278442	P43630
ENSG00000278474	P43630
ENSG00000278809	P43630
ENSG00000274438	P43631
ENSG00000274518	P43631
ENSG00000275253	P43631
ENSG00000275452	P43631
ENSG00000275583	P43631
ENSG00000275735	P43631
ENSG00000275737	P43631
ENSG00000276139	P43631
ENSG00000276258	P43631
ENSG00000276425	P43631
ENSG00000277885	P43631
ENSG00000278152	P43631
ENSG00000278300	P43631
ENSG00000284033	P43631
ENSG00000284511	P43631
ENSG00000274406	P43632
ENSG00000274947	P43632
ENSG00000274957	P43632
ENSG00000275353	P43632
ENSG00000275731	P43632
ENSG00000276154	P43632
ENSG00000276395	P43632
ENSG00000276634	P43632
ENSG00000276885	P43632
ENSG00000283870	P43632
ENSG00000283882	P43632
ENSG00000284264	P43632
ENSG00000139679	P43657
ENSG00000101204	P43681
ENSG00000088386	P46059
ENSG00000181773	P46089
ENSG00000183671	P46091
ENSG00000283448	P46091
ENSG00000184451	P46092
ENSG00000177464	P46093
ENSG00000173578	P46094
ENSG00000146360	P46095
ENSG00000166736	P46098
ENSG00000148400	P46531
ENSG00000100739	P46663
ENSG00000084453	P46721
ENSG00000166573	P47211
ENSG00000132975	P47775
ENSG00000148604	P47804
ENSG00000151834	P47869
ENSG00000145864	P47870
ENSG00000215644	P47871
ENSG00000288269	P47871
ENSG00000080293	P47872
ENSG00000180090	P47881
ENSG00000127780	P47887
ENSG00000183024	P47890
ENSG00000157219	P47898
ENSG00000169860	P47900
ENSG00000198049	P47901
ENSG00000117560	P48023
ENSG00000130821	P48029
ENSG00000168412	P48039
ENSG00000168135	P48050
ENSG00000152578	P48058
ENSG00000139278	P48060
ENSG00000111181	P48065
ENSG00000132164	P48066
ENSG00000196517	P48067
ENSG00000288611	P48145
ENSG00000125522	P48146
ENSG00000277339	P48146
ENSG00000109738	P48167
ENSG00000109158	P48169
ENSG00000169903	P48230
ENSG00000116678	P48357
ENSG00000177697	P48509
ENSG00000010310	P48546
ENSG00000162989	P48549
ENSG00000159110	P48551
ENSG00000249624	P48551
ENSG00000105143	P48664
ENSG00000066230	P48764
ENSG00000123146	P48960
ENSG00000255398	P49019
ENSG00000185149	P49146
ENSG00000144407	P49190
ENSG00000168329	P49238
ENSG00000018280	P49279
ENSG00000110911	P49281
ENSG00000134640	P49286
ENSG00000186810	P49682
ENSG00000119973	P49683
ENSG00000154165	P49685
ENSG00000080815	P49768
ENSG00000090554	P49771
ENSG00000143801	P49810
ENSG00000288674	P49810
ENSG00000138185	P49961
ENSG00000180772	P50052
ENSG00000157227	P50281
ENSG00000204174	P50391
ENSG00000158748	P50406
ENSG00000155850	P50443
ENSG00000187244	P50895
ENSG00000018625	P50993
ENSG00000186009	P51164
ENSG00000168447	P51168
ENSG00000166828	P51170
ENSG00000162572	P51172
ENSG00000156103	P51512
ENSG00000108405	P51575
ENSG00000186912	P51582
ENSG00000147257	P51654
ENSG00000150625	P51674
ENSG00000183625	P51677
ENSG00000183813	P51679
ENSG00000160791	P51681
ENSG00000112486	P51684
ENSG00000179934	P51685
ENSG00000173585	P51686
ENSG00000105290	P51693
ENSG00000184908	P51801
ENSG00000130827	P51805
ENSG00000101850	P51810
ENSG00000121281	P51828
ENSG00000003989	P52569
ENSG00000143590	P52797
ENSG00000243364	P52798
ENSG00000125266	P52799
ENSG00000184349	P52803
ENSG00000129744	P52961
ENSG00000077943	P53708
ENSG00000198743	P53794
ENSG00000183255	P53801
ENSG00000155380	P53985
ENSG00000281917	P53985
ENSG00000036565	P54219
ENSG00000069849	P54709
ENSG00000182580	P54753
ENSG00000145242	P54756
ENSG00000196411	P54760
ENSG00000154928	P54762
ENSG00000116106	P54764
ENSG00000180447	P54826
ENSG00000134531	P54849
ENSG00000213853	P54851
ENSG00000142227	P54852
ENSG00000064651	P55011
ENSG00000070915	P55017
ENSG00000161798	P55064
ENSG00000037749	P55082
ENSG00000164251	P55085
ENSG00000171885	P55087
ENSG00000169347	P55259
ENSG00000179242	P55283
ENSG00000113361	P55285
ENSG00000150394	P55286
ENSG00000140937	P55287
ENSG00000154162	P55289
ENSG00000140945	P55290
ENSG00000129910	P55291
ENSG00000105370	P55344
ENSG00000104870	P55899
ENSG00000151892	P56159
ENSG00000213949	P56199
ENSG00000109991	P56373
ENSG00000106404	P56746
ENSG00000184697	P56747
ENSG00000156284	P56748
ENSG00000157224	P56749
ENSG00000186318	P56817
ENSG00000066405	P56856
ENSG00000171217	P56880
ENSG00000160190	P57057
ENSG00000154721	P57087
ENSG00000100678	P57103
ENSG00000165376	P57739
ENSG00000262628	P58170
ENSG00000124657	P58173
ENSG00000255713	P58180
ENSG00000170683	P58181
ENSG00000273953	P58181
ENSG00000281680	P58181
ENSG00000204690	P58182
ENSG00000233481	P58182
ENSG00000235966	P58182
ENSG00000280236	P58182
ENSG00000163297	P58335
ENSG00000179915	P58400
ENSG00000110076	P58401
ENSG00000163646	P58418
ENSG00000166979	P58658
ENSG00000170615	P58743
ENSG00000257138	P59533
ENSG00000236398	P59534
ENSG00000226761	P59540
ENSG00000262525	P59540
ENSG00000256188	P59541
ENSG00000262111	P59541
ENSG00000212124	P59542
ENSG00000263028	P59542
ENSG00000255837	P59543
ENSG00000273092	P59543
ENSG00000239961	P59901
ENSG00000274185	P59901
ENSG00000276798	P59901
ENSG00000277092	P59901
ENSG00000123560	P60201
ENSG00000244476	P60508
ENSG00000149506	P60852
ENSG00000164604	P60893
ENSG00000121966	P61073
ENSG00000293570	P61550
ENSG00000168785	P62079
ENSG00000105605	P62955
ENSG00000154639	P78310
ENSG00000198053	P78324
ENSG00000151651	P78325
ENSG00000179399	P78333
ENSG00000102287	P78334
ENSG00000110881	P78348
ENSG00000108797	P78357
ENSG00000198691	P78363
ENSG00000134873	P78369
ENSG00000173391	P78380
ENSG00000186470	P78410
ENSG00000006210	P78423
ENSG00000101384	P78504
ENSG00000151694	P78536
ENSG00000131724	P78552
ENSG00000102174	P78562
ENSG00000196101	P79483
ENSG00000231679	P79483
ENSG00000185559	P80370
ENSG00000160767	P81408
ENSG00000262666	P81408
ENSG00000021488	P82251
ENSG00000134376	P82279
ENSG00000154646	P98073
ENSG00000070413	P98153
ENSG00000147852	P98155
ENSG00000008710	P98161
ENSG00000081479	P98164
ENSG00000090776	P98172
ENSG00000124334	Q01113
ENSG00000292373	Q01113
ENSG00000136546	Q01118
ENSG00000112149	Q01151
ENSG00000091181	Q01344
ENSG00000115602	Q01638
ENSG00000103257	Q01650
ENSG00000185231	Q01718
ENSG00000258839	Q01726
ENSG00000157087	Q01814
ENSG00000142319	Q01959
ENSG00000276996	Q01959
ENSG00000185483	Q01973
ENSG00000169071	Q01974
ENSG00000112077	Q02094
ENSG00000048462	Q02223
ENSG00000184144	Q02246
ENSG00000157168	Q02297
ENSG00000134760	Q02413
ENSG00000134755	Q02487
ENSG00000169894	Q02505
ENSG00000106128	Q02643
ENSG00000120156	Q02763
ENSG00000069702	Q03167
ENSG00000011422	Q03405
ENSG00000160801	Q03431
ENSG00000086205	Q04609
ENSG00000134250	Q04721
ENSG00000115170	Q04771
ENSG00000108556	Q04844
ENSG00000135535	Q04900
ENSG00000164078	Q04912
ENSG00000176884	Q05586
ENSG00000147432	Q05901
ENSG00000165646	Q05940
ENSG00000103310	Q05996
ENSG00000284588	Q05996
ENSG00000092445	Q06418
ENSG00000108878	Q06432
ENSG00000084234	Q06481
ENSG00000131183	Q06495
ENSG00000135902	Q07001
ENSG00000049249	Q07011
ENSG00000138792	Q07075
ENSG00000110848	Q07108
ENSG00000205810	Q07444
ENSG00000105711	Q07699
ENSG00000138079	Q07837
ENSG00000123384	Q07954
ENSG00000156453	Q08174
ENSG00000243646	Q08334
ENSG00000137332	Q08345
ENSG00000204580	Q08345
ENSG00000215522	Q08345
ENSG00000230456	Q08345
ENSG00000234078	Q08345
ENSG00000168575	Q08357
ENSG00000078295	Q08462
ENSG00000134765	Q08554
ENSG00000167850	Q08708
ENSG00000291920	Q08708
ENSG00000196776	Q08722
ENSG00000169507	Q08AI6
ENSG00000254415	Q08ET2
ENSG00000172548	Q0D2K0
ENSG00000137842	Q0P6H9
ENSG00000109743	Q10588
ENSG00000130303	Q10589
ENSG00000114650	Q12770
ENSG00000116996	Q12836
ENSG00000018236	Q12860
ENSG00000079112	Q12864
ENSG00000153208	Q12866
ENSG00000183454	Q12879
ENSG00000078098	Q12884
ENSG00000068001	Q12891
ENSG00000169223	Q12907
ENSG00000125255	Q12908
ENSG00000149177	Q12913
ENSG00000111796	Q12918
ENSG00000135452	Q12999
ENSG00000164418	Q13002
ENSG00000163873	Q13003
ENSG00000153246	Q13018
ENSG00000095739	Q13145
ENSG00000007216	Q13183
ENSG00000273079	Q13224
ENSG00000152822	Q13255
ENSG00000168229	Q13258
ENSG00000134470	Q13261
ENSG00000188603	Q13286
ENSG00000261832	Q13286
ENSG00000117090	Q13291
ENSG00000144230	Q13304
ENSG00000112655	Q13308
ENSG00000106113	Q13324
ENSG00000105426	Q13332
ENSG00000141469	Q13336
ENSG00000156886	Q13349
ENSG00000124557	Q13410
ENSG00000292177	Q13410
ENSG00000102854	Q13421
ENSG00000141424	Q13433
ENSG00000168615	Q13443
ENSG00000143537	Q13444
ENSG00000185565	Q13449
ENSG00000163251	Q13467
ENSG00000115604	Q13478
ENSG00000110719	Q13488
ENSG00000046653	Q13491
ENSG00000156219	Q13508
ENSG00000132824	Q13530
ENSG00000118762	Q13563
ENSG00000102195	Q13585
ENSG00000167323	Q13586
ENSG00000112902	Q13591
ENSG00000167825	Q13606
ENSG00000213215	Q13607
ENSG00000284866	Q13607
ENSG00000074803	Q13621
ENSG00000145526	Q13634
ENSG00000185920	Q13635
ENSG00000164270	Q13639
ENSG00000146242	Q13641
ENSG00000283085	Q13641
ENSG00000110324	Q13651
ENSG00000135424	Q13683
ENSG00000114739	Q13705
ENSG00000132681	Q13733
ENSG00000170017	Q13740
ENSG00000144668	Q13797
ENSG00000291488	Q13797
ENSG00000204217	Q13873
ENSG00000151067	Q13936
ENSG00000285479	Q13936
ENSG00000007306	Q14002
ENSG00000138760	Q14108
ENSG00000157193	Q14114
ENSG00000173402	Q14118
ENSG00000046604	Q14126
ENSG00000074660	Q14162
ENSG00000276336	Q14162
ENSG00000167656	Q14210
ENSG00000110876	Q14242
ENSG00000174837	Q14246
ENSG00000125245	Q14330
ENSG00000180340	Q14332
ENSG00000137507	Q14392
ENSG00000164082	Q14416
ENSG00000166073	Q14439
ENSG00000184185	Q14500
ENSG00000083857	Q14517
ENSG00000183873	Q14524
ENSG00000174669	Q14542
ENSG00000134762	Q14574
ENSG00000137070	Q14626
ENSG00000123496	Q14627
ENSG00000123096	Q14714
ENSG00000105371	Q14773
ENSG00000196277	Q14831
ENSG00000198822	Q14832
ENSG00000124493	Q14833
ENSG00000124568	Q14916
ENSG00000275434	Q14943
ENSG00000277163	Q14952
ENSG00000277657	Q14952
ENSG00000278306	Q14952
ENSG00000284039	Q14952
ENSG00000288487	Q14952
ENSG00000274739	Q14953
ENSG00000275047	Q14953
ENSG00000277650	Q14953
ENSG00000284217	Q14953
ENSG00000288206	Q14953
ENSG00000288357	Q14953
ENSG00000273517	Q14954
ENSG00000273603	Q14954
ENSG00000275421	Q14954
ENSG00000276327	Q14954
ENSG00000278120	Q14954
ENSG00000278304	Q14954
ENSG00000284120	Q14954
ENSG00000284150	Q14954
ENSG00000284560	Q14954
ENSG00000136235	Q14956
ENSG00000161509	Q14957
ENSG00000100652	Q14973
ENSG00000183715	Q14982
ENSG00000151952	Q14C87
ENSG00000016602	Q14CN2
ENSG00000165478	Q14CZ8
ENSG00000139364	Q14DG7
ENSG00000104635	Q15043
ENSG00000171631	Q15077
ENSG00000204305	Q15109
ENSG00000206320	Q15109
ENSG00000229058	Q15109
ENSG00000230514	Q15109
ENSG00000231268	Q15109
ENSG00000234729	Q15109
ENSG00000237405	Q15109
ENSG00000188389	Q15116
ENSG00000276977	Q15116
ENSG00000147155	Q15125
ENSG00000110400	Q15223
ENSG00000153233	Q15256
ENSG00000152894	Q15262
ENSG00000273993	Q15262
ENSG00000178568	Q15303
ENSG00000135333	Q15375
ENSG00000174944	Q15391
ENSG00000174125	Q15399
ENSG00000165202	Q15612
ENSG00000141194	Q15615
ENSG00000197849	Q15617
ENSG00000221888	Q15619
ENSG00000197125	Q15620
ENSG00000188269	Q15622
ENSG00000213903	Q15722
ENSG00000285456	Q15722
ENSG00000119714	Q15743
ENSG00000105281	Q15758
ENSG00000183150	Q15760
ENSG00000164129	Q15761
ENSG00000150637	Q15762
ENSG00000108947	Q15768
ENSG00000120903	Q15822
ENSG00000147434	Q15825
ENSG00000132874	Q15849
ENSG00000169432	Q15858
ENSG00000149403	Q16099
ENSG00000140538	Q16288
ENSG00000163406	Q16348
ENSG00000145863	Q16445
ENSG00000105737	Q16478
ENSG00000250510	Q16538
ENSG00000160932	Q16553
ENSG00000278032	Q16553
ENSG00000145936	Q16558
ENSG00000008282	Q16563
ENSG00000213088	Q16570
ENSG00000187714	Q16572
ENSG00000171860	Q16581
ENSG00000163069	Q16585
ENSG00000108823	Q16586
ENSG00000064989	Q16602
ENSG00000148053	Q16620
ENSG00000052344	Q16651
ENSG00000137345	Q16653
ENSG00000204655	Q16653
ENSG00000230885	Q16653
ENSG00000232641	Q16653
ENSG00000234096	Q16653
ENSG00000234623	Q16653
ENSG00000236561	Q16653
ENSG00000237834	Q16653
ENSG00000135409	Q16671
ENSG00000067842	Q16720
ENSG00000112818	Q16819
ENSG00000141434	Q16820
ENSG00000151490	Q16827
ENSG00000162733	Q16832
ENSG00000054356	Q16849
ENSG00000131471	Q16853
ENSG00000174607	Q16880
ENSG00000177558	Q17R55
ENSG00000160886	Q17RY6
ENSG00000249751	Q19T08
ENSG00000279686	Q19T08
ENSG00000288260	Q19T08
ENSG00000288297	Q19T08
ENSG00000148942	Q1EHB4
ENSG00000140254	Q1HG43
ENSG00000006118	Q24JP5
ENSG00000204516	Q29980
ENSG00000206449	Q29980
ENSG00000227772	Q29980
ENSG00000231179	Q29980
ENSG00000234218	Q29980
ENSG00000238289	Q29980
ENSG00000183214	Q29983
ENSG00000235233	Q29983
ENSG00000256660	Q2HXU8
ENSG00000111305	Q2KHT4
ENSG00000197629	Q2M385
ENSG00000004846	Q2M3G0
ENSG00000117834	Q2M3M2
ENSG00000166450	Q2VWP7
ENSG00000050438	Q2Y0W8
ENSG00000198502	Q30154
ENSG00000010704	Q30201
ENSG00000117598	Q32ZL2
ENSG00000182896	Q3KNT9
ENSG00000288511	Q3KNT9
ENSG00000145283	Q3KNW5
ENSG00000007129	Q3KPI0
ENSG00000278565	Q3KPI0
ENSG00000023171	Q3KR37
ENSG00000229284	Q3MIW9
ENSG00000232251	Q3MIW9
ENSG00000138944	Q3SXP7
ENSG00000183423	Q3SXY7
ENSG00000185442	Q3ZCQ3
ENSG00000186919	Q401N2
ENSG00000181847	Q495A1
ENSG00000186335	Q495M3
ENSG00000186334	Q495N2
ENSG00000142606	Q495T6
ENSG00000277131	Q495T6
ENSG00000186407	Q496F6
ENSG00000188038	Q496H8
ENSG00000122012	Q496J9
ENSG00000214943	Q49SQ1
ENSG00000214279	Q4G0T1
ENSG00000064309	Q4KMG0
ENSG00000177119	Q4KMQ2
ENSG00000084628	Q4KMZ8
ENSG00000197901	Q4U2R8
ENSG00000187527	Q4VNC0
ENSG00000148482	Q504Y0
ENSG00000254402	Q50LG9
ENSG00000063015	Q53EL9
ENSG00000204385	Q53GD3
ENSG00000206378	Q53GD3
ENSG00000228263	Q53GD3
ENSG00000229077	Q53GD3
ENSG00000231479	Q53GD3
ENSG00000232180	Q53GD3
ENSG00000235336	Q53GD3
ENSG00000168955	Q53R12
ENSG00000069188	Q58EX2
ENSG00000203772	Q5BIV9
ENSG00000022567	Q5BKX6
ENSG00000177398	Q5DID0
ENSG00000144847	Q5DX21
ENSG00000163704	Q5FWE3
ENSG00000172967	Q5GH77
ENSG00000164953	Q5HYA8
ENSG00000148204	Q5IJ48
ENSG00000177535	Q5JQS5
ENSG00000291901	Q5JRS4
ENSG00000125355	Q5JRV8
ENSG00000196209	Q5JXA9
ENSG00000183317	Q5JZY3
ENSG00000189050	Q5M7Z0
ENSG00000186188	Q5NUL3
ENSG00000253598	Q5PT55
ENSG00000172322	Q5QGZ9
ENSG00000166897	Q5R3F8
ENSG00000204424	Q5SQ64
ENSG00000226603	Q5SQ64
ENSG00000236902	Q5SQ64
ENSG00000239741	Q5SQ64
ENSG00000240008	Q5SQ64
ENSG00000240957	Q5SQ64
ENSG00000241822	Q5SQ64
ENSG00000243003	Q5SQ64
ENSG00000243804	Q5SQ64
ENSG00000250641	Q5SQ64
ENSG00000258635	Q5SQ64
ENSG00000259101	Q5SQ64
ENSG00000204544	Q5SSG8
ENSG00000227506	Q5SSG8
ENSG00000179397	Q5SY80
ENSG00000150893	Q5SZK8
ENSG00000184454	Q5T1S8
ENSG00000112195	Q5T2D2
ENSG00000137216	Q5T3F8
ENSG00000124574	Q5T3U5
ENSG00000198835	Q5T442
ENSG00000155256	Q5T4F4
ENSG00000153292	Q5T601
ENSG00000173612	Q5T6X5
ENSG00000151025	Q5T848
ENSG00000173214	Q5TF39
ENSG00000101307	Q5TFQ8
ENSG00000188558	Q5TZ20
ENSG00000292302	Q5TZ20
ENSG00000180758	Q5UAW9
ENSG00000162494	Q5VT99
ENSG00000143552	Q5VU65
ENSG00000158966	Q5VU97
ENSG00000148468	Q5VUB5
ENSG00000137261	Q5VV43
ENSG00000107518	Q5VV63
ENSG00000148358	Q5VW38
ENSG00000162594	Q5VWK5
ENSG00000143502	Q5VX71
ENSG00000188580	Q5VXU1
ENSG00000187800	Q5VY43
ENSG00000155918	Q5VY80
ENSG00000204740	Q5VYJ5
ENSG00000205442	Q5VZ72
ENSG00000131620	Q5XXA6
ENSG00000103855	Q5ZPR3
ENSG00000169876	Q685J3
ENSG00000127954	Q687X5
ENSG00000188211	Q68D85
ENSG00000164187	Q68DH5
ENSG00000108375	Q68DV7
ENSG00000174358	Q695T7
ENSG00000181036	Q6DN72
ENSG00000180269	Q6DWJ6
ENSG00000168140	Q6EMK4
ENSG00000274334	Q6EMK4
ENSG00000167613	Q6GTX8
ENSG00000274110	Q6GTX8
ENSG00000276053	Q6GTX8
ENSG00000276163	Q6GTX8
ENSG00000278154	Q6GTX8
ENSG00000204300	Q6GV28
ENSG00000203722	Q6H3X3
ENSG00000185187	Q6IA17
ENSG00000206069	Q6ICI0
ENSG00000181291	Q6IEE7
ENSG00000254834	Q6IEU7
ENSG00000172188	Q6IEV9
ENSG00000230178	Q6IEY1
ENSG00000284662	Q6IEY1
ENSG00000284733	Q6IEY1
ENSG00000203661	Q6IEZ7
ENSG00000273827	Q6IEZ7
ENSG00000275102	Q6IEZ7
ENSG00000292007	Q6IEZ7
ENSG00000196240	Q6IF00
ENSG00000275754	Q6IF00
ENSG00000276821	Q6IF00
ENSG00000292018	Q6IF00
ENSG00000221989	Q6IF42
ENSG00000175485	Q6IF63
ENSG00000237388	Q6IF82
ENSG00000180708	Q6IF99
ENSG00000183269	Q6IFG1
ENSG00000182083	Q6IFH4
ENSG00000237521	Q6IFN5
ENSG00000171611	Q6ISU1
ENSG00000146205	Q6IWH7
ENSG00000089060	Q6J4K2
ENSG00000181333	Q6MZM0
ENSG00000149256	Q6N022
ENSG00000182544	Q6N075
ENSG00000185742	Q6NUJ2
ENSG00000119977	Q6NUS6
ENSG00000161091	Q6NUT3
ENSG00000158292	Q6NV75
ENSG00000163293	Q6NVV3
ENSG00000174136	Q6NW40
ENSG00000163803	Q6P1J6
ENSG00000001461	Q6P499
ENSG00000158158	Q6P4Q7
ENSG00000147804	Q6P5W5
ENSG00000144369	Q6P995
ENSG00000170006	Q6P9G4
ENSG00000170571	Q6PCB8
ENSG00000164411	Q6PEY0
ENSG00000244482	Q6PI73
ENSG00000274148	Q6PI73
ENSG00000275539	Q6PI73
ENSG00000163519	Q6PIZ9
ENSG00000129667	Q6PJF5
ENSG00000173621	Q6PJG9
ENSG00000276469	Q6PRD1
ENSG00000197241	Q6PXP3
ENSG00000206531	Q6Q8B3
ENSG00000111452	Q6QNK2
ENSG00000196600	Q6T423
ENSG00000124818	Q6U736
ENSG00000144290	Q6U841
ENSG00000188771	Q6UQ28
ENSG00000173546	Q6UVK1
ENSG00000138085	Q6UW56
ENSG00000182585	Q6UW88
ENSG00000104998	Q6UWB1
ENSG00000288185	Q6UWB1
ENSG00000169116	Q6UWI2
ENSG00000150403	Q6UWJ1
ENSG00000174950	Q6UWJ8
ENSG00000106868	Q6UWL2
ENSG00000126259	Q6UWL6
ENSG00000273111	Q6UWN0
ENSG00000159871	Q6UWN5
ENSG00000164303	Q6UWR7
ENSG00000160588	Q6UWV2
ENSG00000139636	Q6UX01
ENSG00000204381	Q6UX15
ENSG00000189068	Q6UX27
ENSG00000274887	Q6UX27
ENSG00000274953	Q6UX27
ENSG00000275330	Q6UX27
ENSG00000275577	Q6UX27
ENSG00000275962	Q6UX27
ENSG00000276066	Q6UX27
ENSG00000276159	Q6UX27
ENSG00000276363	Q6UX27
ENSG00000277607	Q6UX27
ENSG00000120594	Q6UX71
ENSG00000259823	Q6UX82
ENSG00000197353	Q6UXB3
ENSG00000182566	Q6UXB4
ENSG00000164530	Q6UXB8
ENSG00000177943	Q6UXC1
ENSG00000174938	Q6UXD5
ENSG00000169026	Q6UXD7
ENSG00000168903	Q6UXE8
ENSG00000144868	Q6UXF1
ENSG00000116299	Q6UXG2
ENSG00000161649	Q6UXG3
ENSG00000165810	Q6UXG8
ENSG00000167178	Q6UXK2
ENSG00000175928	Q6UXK5
ENSG00000174564	Q6UXL0
ENSG00000139263	Q6UXM1
ENSG00000197992	Q6UXN8
ENSG00000169181	Q6UXU4
ENSG00000187871	Q6UXV0
ENSG00000182271	Q6UXZ0
ENSG00000204345	Q6UXZ3
ENSG00000291922	Q6UXZ3
ENSG00000156687	Q6UXZ4
ENSG00000273777	Q6UY09
ENSG00000171462	Q6UY11
ENSG00000213171	Q6UY18
ENSG00000196159	Q6V0I7
ENSG00000197410	Q6V1P9
ENSG00000284227	Q6V1P9
ENSG00000187258	Q6W5P4
ENSG00000180773	Q6YBV0
ENSG00000156535	Q6YHK3
ENSG00000164855	Q6ZMB5
ENSG00000197046	Q6ZMC9
ENSG00000182557	Q6ZMD2
ENSG00000139540	Q6ZMH5
ENSG00000186417	Q6ZMI3
ENSG00000168079	Q6ZMJ2
ENSG00000113763	Q6ZN44
ENSG00000156869	Q6ZNA5
ENSG00000040487	Q6ZP29
ENSG00000170417	Q6ZP80
ENSG00000173930	Q6ZQN7
ENSG00000099338	Q6ZRH7
ENSG00000165661	Q6ZRP7
ENSG00000187912	Q6ZS10
ENSG00000188803	Q6ZSJ9
ENSG00000152779	Q6ZSM3
ENSG00000151690	Q6ZSS7
ENSG00000128536	Q6ZTQ4
ENSG00000196932	Q6ZUK4
ENSG00000168509	Q6ZVN8
ENSG00000244694	Q6ZW05
ENSG00000186090	Q70Z44
ENSG00000188467	Q71RS6
ENSG00000197121	Q75T13
ENSG00000171714	Q75V66
ENSG00000112763	Q7KYR7
ENSG00000292170	Q7KYR7
ENSG00000159164	Q7L0J3
ENSG00000255690	Q7L0X0
ENSG00000185518	Q7L1I2
ENSG00000174482	Q7L985
ENSG00000174502	Q7LBE3
ENSG00000163982	Q7RTM1
ENSG00000183034	Q7RTS6
ENSG00000164638	Q7RTT9
ENSG00000155719	Q7RTW8
ENSG00000169962	Q7RTX0
ENSG00000173662	Q7RTX1
ENSG00000117600	Q7Z2D5
ENSG00000123643	Q7Z2H8
ENSG00000099219	Q7Z2K6
ENSG00000172260	Q7Z3B1
ENSG00000198925	Q7Z3C6
ENSG00000176018	Q7Z3D4
ENSG00000163328	Q7Z3F1
ENSG00000139508	Q7Z3Q1
ENSG00000238243	Q7Z3T1
ENSG00000170537	Q7Z402
ENSG00000121904	Q7Z408
ENSG00000186795	Q7Z418
ENSG00000166473	Q7Z442
ENSG00000292248	Q7Z442
ENSG00000277481	Q7Z443
ENSG00000197324	Q7Z4F1
ENSG00000139915	Q7Z553
ENSG00000228567	Q7Z5H5
ENSG00000146555	Q7Z5N4
ENSG00000257008	Q7Z601
ENSG00000187037	Q7Z602
ENSG00000186567	Q7Z692
ENSG00000186265	Q7Z6A9
ENSG00000271605	Q7Z6M3
ENSG00000134258	Q7Z7D3
ENSG00000156959	Q7Z7J7
ENSG00000105429	Q7Z7M0
ENSG00000185475	Q7Z7N9
ENSG00000139211	Q86SJ2
ENSG00000175065	Q86SJ6
ENSG00000182170	Q86SM5
ENSG00000184350	Q86SM8
ENSG00000174948	Q86SP6
ENSG00000112414	Q86SQ4
ENSG00000197177	Q86SQ6
ENSG00000145103	Q86SU0
ENSG00000176435	Q86T13
ENSG00000185873	Q86T26
ENSG00000168890	Q86TG1
ENSG00000213533	Q86TL2
ENSG00000139971	Q86TY3
ENSG00000158457	Q86UF1
ENSG00000205359	Q86UG4
ENSG00000144452	Q86UK0
ENSG00000173040	Q86UK5
ENSG00000185924	Q86UN2
ENSG00000186907	Q86UN3
ENSG00000139880	Q86UP0
ENSG00000138161	Q86UP6
ENSG00000179869	Q86UQ4
ENSG00000163959	Q86UW1
ENSG00000186198	Q86UW2
ENSG00000006831	Q86V24
ENSG00000285070	Q86V24
ENSG00000186854	Q86V40
ENSG00000152749	Q86V85
ENSG00000177575	Q86VB7
ENSG00000164300	Q86VE9
ENSG00000176204	Q86VH4
ENSG00000198739	Q86VH5
ENSG00000186806	Q86VR7
ENSG00000004809	Q86VW1
ENSG00000182162	Q86VZ1
ENSG00000292333	Q86VZ1
ENSG00000120256	Q86VZ4
ENSG00000163870	Q86W33
ENSG00000135643	Q86W47
ENSG00000112494	Q86WB7
ENSG00000081087	Q86WC4
ENSG00000182508	Q86WI0
ENSG00000205038	Q86WI1
ENSG00000181754	Q86WK6
ENSG00000176020	Q86WK7
ENSG00000101842	Q86XK7
ENSG00000174898	Q86XM0
ENSG00000175785	Q86XR5
ENSG00000274089	Q86XR5
ENSG00000113269	Q86XS8
ENSG00000149932	Q86XT9
ENSG00000138759	Q86XX4
ENSG00000182885	Q86Y34
ENSG00000174004	Q86YC3
ENSG00000149582	Q86YD3
ENSG00000179241	Q86YD5
ENSG00000160593	Q86YT9
ENSG00000185436	Q8IU57
ENSG00000187045	Q8IU80
ENSG00000154258	Q8IUA7
ENSG00000185294	Q8IUH8
ENSG00000161381	Q8IUK5
ENSG00000181826	Q8IUW5
ENSG00000277494	Q8IV16
ENSG00000133065	Q8IVJ1
ENSG00000149742	Q8IVM8
ENSG00000174498	Q8IVU1
ENSG00000183018	Q8IVW8
ENSG00000165633	Q8IW00
ENSG00000179542	Q8IW52
ENSG00000129353	Q8IWA5
ENSG00000185156	Q8IWD5
ENSG00000152990	Q8IWK6
ENSG00000177098	Q8IWT1
ENSG00000144619	Q8IWV2
ENSG00000241399	Q8IX05
ENSG00000184394	Q8IXE1
ENSG00000291808	Q8IXE1
ENSG00000124215	Q8IXH8
ENSG00000110446	Q8IY34
ENSG00000140030	Q8IYL9
ENSG00000241697	Q8IYR6
ENSG00000251349	Q8IYR6
ENSG00000182264	Q8IYV9
ENSG00000163393	Q8IZD6
ENSG00000102452	Q8IZF0
ENSG00000069122	Q8IZF2
ENSG00000153294	Q8IZF3
ENSG00000159618	Q8IZF4
ENSG00000173567	Q8IZF5
ENSG00000156920	Q8IZF6
ENSG00000107731	Q8IZJ1
ENSG00000173698	Q8IZP9
ENSG00000149571	Q8IZU9
ENSG00000064687	Q8IZY2
ENSG00000154856	Q8J025
ENSG00000146938	Q8N0W4
ENSG00000183706	Q8N0Y3
ENSG00000285472	Q8N0Y3
ENSG00000288193	Q8N0Y3
ENSG00000288501	Q8N0Y3
ENSG00000172154	Q8N0Y5
ENSG00000176834	Q8N0Z9
ENSG00000274143	Q8N109
ENSG00000274676	Q8N109
ENSG00000275596	Q8N109
ENSG00000288206	Q8N109
ENSG00000288357	Q8N109
ENSG00000162706	Q8N126
ENSG00000181785	Q8N127
ENSG00000198569	Q8N130
ENSG00000152558	Q8N131
ENSG00000154262	Q8N139
ENSG00000181761	Q8N146
ENSG00000225781	Q8N148
ENSG00000277378	Q8N148
ENSG00000239998	Q8N149
ENSG00000274000	Q8N149
ENSG00000275290	Q8N149
ENSG00000278634	Q8N149
ENSG00000213420	Q8N158
ENSG00000181767	Q8N162
ENSG00000163285	Q8N1C3
ENSG00000178690	Q8N1N2
ENSG00000155066	Q8N271
ENSG00000292084	Q8N271
ENSG00000150551	Q8N2G4
ENSG00000169760	Q8N2Q7
ENSG00000196071	Q8N349
ENSG00000167703	Q8N370
ENSG00000278550	Q8N370
ENSG00000175489	Q8N386
ENSG00000169550	Q8N387
ENSG00000180998	Q8N3F9
ENSG00000175161	Q8N3J6
ENSG00000181234	Q8N3T6
ENSG00000131042	Q8N423
ENSG00000274513	Q8N423
ENSG00000275463	Q8N423
ENSG00000276146	Q8N423
ENSG00000157703	Q8N434
ENSG00000127418	Q8N441
ENSG00000174514	Q8N468
ENSG00000179673	Q8N4K4
ENSG00000143036	Q8N4M1
ENSG00000178033	Q8N5C1
ENSG00000166961	Q8N5U1
ENSG00000175497	Q8N608
ENSG00000196242	Q8N628
ENSG00000256870	Q8N695
ENSG00000262217	Q8N695
ENSG00000139370	Q8N697
ENSG00000147255	Q8N6C5
ENSG00000164007	Q8N6F1
ENSG00000142677	Q8N6P7
ENSG00000204936	Q8N6Q3
ENSG00000143147	Q8N6U8
ENSG00000197991	Q8N6Y1
ENSG00000280165	Q8N6Y1
ENSG00000274639	Q8N743
ENSG00000276196	Q8N743
ENSG00000162763	Q8N7C0
ENSG00000172738	Q8N7C4
ENSG00000180287	Q8N7P1
ENSG00000177300	Q8N7P3
ENSG00000179213	Q8N7X8
ENSG00000185942	Q8N8D7
ENSG00000181016	Q8N8F7
ENSG00000164465	Q8N8Z6
ENSG00000166159	Q8N967
ENSG00000285383	Q8N967
ENSG00000168389	Q8NA29
ENSG00000163702	Q8NAC3
ENSG00000160097	Q8NAU1
ENSG00000134802	Q8NBI5
ENSG00000149577	Q8NBJ9
ENSG00000152154	Q8NBL3
ENSG00000134882	Q8NBM4
ENSG00000103978	Q8NBN3
ENSG00000167543	Q8NBR0
ENSG00000167619	Q8NBT3
ENSG00000177058	Q8NBW4
ENSG00000150048	Q8NC01
ENSG00000163162	Q8NC42
ENSG00000113583	Q8NC54
ENSG00000171208	Q8NC67
ENSG00000157800	Q8NCC5
ENSG00000164535	Q8NCG7
ENSG00000198270	Q8NCL8
ENSG00000137968	Q8NCS7
ENSG00000131650	Q8NCW0
ENSG00000177363	Q8ND94
ENSG00000154478	Q8NDV2
ENSG00000179520	Q8NDX2
ENSG00000109066	Q8NE00
ENSG00000168763	Q8NE01
ENSG00000112276	Q8NE79
ENSG00000177025	Q8NEA5
ENSG00000123612	Q8NER5
ENSG00000235568	Q8NET5
ENSG00000140090	Q8NFF2
ENSG00000013588	Q8NFJ5
ENSG00000101292	Q8NFJ6
ENSG00000176402	Q8NFK1
ENSG00000144730	Q8NFM7
ENSG00000175697	Q8NFN8
ENSG00000112139	Q8NFP4
ENSG00000163701	Q8NFR9
ENSG00000187957	Q8NFT8
ENSG00000142959	Q8NFU0
ENSG00000039987	Q8NFU1
ENSG00000137872	Q8NFY4
ENSG00000165246	Q8NFZ3
ENSG00000169992	Q8NFZ4
ENSG00000283859	Q8NFZ4
ENSG00000196131	Q8NFZ6
ENSG00000105767	Q8NFZ8
ENSG00000108219	Q8NG11
ENSG00000181698	Q8NG75
ENSG00000262784	Q8NG75
ENSG00000291860	Q8NG75
ENSG00000177212	Q8NG76
ENSG00000177201	Q8NG77
ENSG00000197454	Q8NG80
ENSG00000177186	Q8NG81
ENSG00000228198	Q8NG83
ENSG00000198128	Q8NG85
ENSG00000171054	Q8NG92
ENSG00000170920	Q8NG95
ENSG00000181733	Q8NG97
ENSG00000174667	Q8NG98
ENSG00000170923	Q8NG99
ENSG00000161807	Q8NGA0
ENSG00000170929	Q8NGA1
ENSG00000176231	Q8NGA5
ENSG00000172519	Q8NGA6
ENSG00000176695	Q8NGA8
ENSG00000176540	Q8NGB2
ENSG00000176555	Q8NGB4
ENSG00000274102	Q8NGB6
ENSG00000182854	Q8NGB8
ENSG00000184140	Q8NGB9
ENSG00000169327	Q8NGC0
ENSG00000255582	Q8NGC3
ENSG00000169208	Q8NGC4
ENSG00000255804	Q8NGC5
ENSG00000176230	Q8NGC6
ENSG00000291811	Q8NGC6
ENSG00000176219	Q8NGC7
ENSG00000291779	Q8NGC7
ENSG00000291780	Q8NGC8
ENSG00000176299	Q8NGD0
ENSG00000176294	Q8NGD1
ENSG00000165762	Q8NGD2
ENSG00000291804	Q8NGD2
ENSG00000176281	Q8NGD3
ENSG00000291822	Q8NGD3
ENSG00000155249	Q8NGD4
ENSG00000291807	Q8NGD4
ENSG00000169484	Q8NGD5
ENSG00000291805	Q8NGD5
ENSG00000172640	Q8NGE0
ENSG00000179626	Q8NGE1
ENSG00000179615	Q8NGE2
ENSG00000175398	Q8NGE3
ENSG00000179919	Q8NGE5
ENSG00000172742	Q8NGE8
ENSG00000186513	Q8NGE9
ENSG00000187747	Q8NGF0
ENSG00000279270	Q8NGF1
ENSG00000197428	Q8NGF3
ENSG00000172464	Q8NGF4
ENSG00000172772	Q8NGF6
ENSG00000197786	Q8NGF7
ENSG00000175619	Q8NGF8
ENSG00000172208	Q8NGF9
ENSG00000167822	Q8NGG0
ENSG00000262851	Q8NGG2
ENSG00000261897	Q8NGG3
ENSG00000181693	Q8NGG4
ENSG00000262611	Q8NGG4
ENSG00000291864	Q8NGG4
ENSG00000150261	Q8NGG5
ENSG00000263328	Q8NGG5
ENSG00000291861	Q8NGG5
ENSG00000170953	Q8NGG6
ENSG00000196119	Q8NGG7
ENSG00000284609	Q8NGG8
ENSG00000178358	Q8NGH3
ENSG00000183313	Q8NGH7
ENSG00000183389	Q8NGH8
ENSG00000180974	Q8NGH9
ENSG00000180988	Q8NGI0
ENSG00000181017	Q8NGI1
ENSG00000181074	Q8NGI2
ENSG00000181023	Q8NGI3
ENSG00000176200	Q8NGI4
ENSG00000254466	Q8NGI6
ENSG00000172289	Q8NGI7
ENSG00000176495	Q8NGI8
ENSG00000172324	Q8NGI9
ENSG00000172320	Q8NGJ0
ENSG00000166884	Q8NGJ1
ENSG00000181616	Q8NGJ2
ENSG00000292245	Q8NGJ3
ENSG00000176787	Q8NGJ4
ENSG00000291909	Q8NGJ4
ENSG00000176798	Q8NGJ5
ENSG00000205497	Q8NGJ6
ENSG00000205496	Q8NGJ7
ENSG00000176922	Q8NGJ8
ENSG00000176900	Q8NGJ9
ENSG00000176893	Q8NGK0
ENSG00000278870	Q8NGK1
ENSG00000221996	Q8NGK2
ENSG00000181963	Q8NGK3
ENSG00000196778	Q8NGK4
ENSG00000197790	Q8NGK5
ENSG00000232268	Q8NGK6
ENSG00000205029	Q8NGK9
ENSG00000205030	Q8NGL0
ENSG00000186119	Q8NGL1
ENSG00000279395	Q8NGL2
ENSG00000186113	Q8NGL3
ENSG00000279761	Q8NGL4
ENSG00000181927	Q8NGL7
ENSG00000279514	Q8NGL9
ENSG00000181939	Q8NGM1
ENSG00000196099	Q8NGM8
ENSG00000181518	Q8NGM9
ENSG00000171014	Q8NGN0
ENSG00000181499	Q8NGN1
ENSG00000254737	Q8NGN3
ENSG00000236981	Q8NGN4
ENSG00000234560	Q8NGN5
ENSG00000182634	Q8NGN6
ENSG00000258817	Q8NGP0
ENSG00000172487	Q8NGP2
ENSG00000262796	Q8NGP2
ENSG00000291858	Q8NGP2
ENSG00000150269	Q8NGP3
ENSG00000291852	Q8NGP3
ENSG00000174937	Q8NGP4
ENSG00000291859	Q8NGP4
ENSG00000181371	Q8NGP6
ENSG00000291862	Q8NGP6
ENSG00000255012	Q8NGP8
ENSG00000172459	Q8NGP9
ENSG00000262647	Q8NGQ1
ENSG00000279051	Q8NGQ2
ENSG00000180475	Q8NGQ4
ENSG00000186509	Q8NGQ5
ENSG00000172377	Q8NGQ6
ENSG00000256574	Q8NGR1
ENSG00000277495	Q8NGR1
ENSG00000171459	Q8NGR2
ENSG00000165204	Q8NGR3
ENSG00000148215	Q8NGR4
ENSG00000136939	Q8NGR5
ENSG00000280094	Q8NGR6
ENSG00000171496	Q8NGR8
ENSG00000171501	Q8NGR9
ENSG00000171505	Q8NGS0
ENSG00000239590	Q8NGS1
ENSG00000197233	Q8NGS2
ENSG00000136834	Q8NGS3
ENSG00000186881	Q8NGS4
ENSG00000148136	Q8NGS5
ENSG00000186943	Q8NGS7
ENSG00000277556	Q8NGS8
ENSG00000276119	Q8NGS9
ENSG00000136839	Q8NGT0
ENSG00000171133	Q8NGT1
ENSG00000168828	Q8NGT2
ENSG00000179468	Q8NGT5
ENSG00000273914	Q8NGT5
ENSG00000221858	Q8NGT7
ENSG00000284949	Q8NGT7
ENSG00000212807	Q8NGT9
ENSG00000221970	Q8NGT9
ENSG00000258083	Q8NGU2
ENSG00000237988	Q8NGU4
ENSG00000178015	Q8NGU9
ENSG00000174339	Q8NGV0
ENSG00000230301	Q8NGV6
ENSG00000197938	Q8NGV7
ENSG00000178586	Q8NGW1
ENSG00000197591	Q8NGX0
ENSG00000183310	Q8NGX1
ENSG00000177151	Q8NGX2
ENSG00000186306	Q8NGX3
ENSG00000173285	Q8NGX5
ENSG00000197532	Q8NGX8
ENSG00000186440	Q8NGX9
ENSG00000279111	Q8NGY0
ENSG00000198967	Q8NGY1
ENSG00000196171	Q8NGY2
ENSG00000203757	Q8NGY3
ENSG00000197403	Q8NGY5
ENSG00000188340	Q8NGY6
ENSG00000279263	Q8NGY9
ENSG00000177275	Q8NGZ0
ENSG00000153230	Q8NGZ2
ENSG00000197437	Q8NGZ3
ENSG00000177476	Q8NGZ4
ENSG00000177489	Q8NGZ5
ENSG00000169214	Q8NGZ6
ENSG00000184022	Q8NGZ9
ENSG00000292303	Q8NGZ9
ENSG00000274870	Q8NH00
ENSG00000275617	Q8NH00
ENSG00000279301	Q8NH01
ENSG00000182783	Q8NH02
ENSG00000196539	Q8NH03
ENSG00000277113	Q8NH03
ENSG00000278377	Q8NH03
ENSG00000292005	Q8NH03
ENSG00000187701	Q8NH04
ENSG00000172199	Q8NH10
ENSG00000291846	Q8NH10
ENSG00000203663	Q8NH16
ENSG00000174957	Q8NH18
ENSG00000174970	Q8NH19
ENSG00000176547	Q8NH37
ENSG00000181803	Q8NH40
ENSG00000169488	Q8NH41
ENSG00000291812	Q8NH41
ENSG00000176253	Q8NH42
ENSG00000291806	Q8NH42
ENSG00000176246	Q8NH43
ENSG00000291772	Q8NH43
ENSG00000172769	Q8NH48
ENSG00000176567	Q8NH49
ENSG00000181752	Q8NH50
ENSG00000262755	Q8NH51
ENSG00000280314	Q8NH51
ENSG00000291865	Q8NH51
ENSG00000181001	Q8NH53
ENSG00000184478	Q8NH54
ENSG00000277932	Q8NH55
ENSG00000181009	Q8NH56
ENSG00000167360	Q8NH59
ENSG00000205495	Q8NH60
ENSG00000291908	Q8NH60
ENSG00000176925	Q8NH61
ENSG00000176895	Q8NH64
ENSG00000187612	Q8NH69
ENSG00000181961	Q8NH70
ENSG00000181903	Q8NH72
ENSG00000174982	Q8NH73
ENSG00000276451	Q8NH74
ENSG00000279000	Q8NH74
ENSG00000280899	Q8NH74
ENSG00000180919	Q8NH76
ENSG00000221931	Q8NH79
ENSG00000197309	Q8NH80
ENSG00000198674	Q8NH81
ENSG00000221840	Q8NH83
ENSG00000279961	Q8NH85
ENSG00000291849	Q8NH85
ENSG00000174914	Q8NH87
ENSG00000181273	Q8NH90
ENSG00000171481	Q8NH93
ENSG00000173679	Q8NH94
ENSG00000244623	Q8NHA4
ENSG00000185372	Q8NHB1
ENSG00000232382	Q8NHB7
ENSG00000231861	Q8NHB8
ENSG00000184155	Q8NHC4
ENSG00000196772	Q8NHC5
ENSG00000198452	Q8NHC6
ENSG00000177174	Q8NHC7
ENSG00000198104	Q8NHC8
ENSG00000278659	Q8NHC8
ENSG00000278689	Q8NHC8
ENSG00000292016	Q8NHC8
ENSG00000275436	Q8NHK3
ENSG00000275937	Q8NHK3
ENSG00000278481	Q8NHK3
ENSG00000284089	Q8NHK3
ENSG00000274669	Q8NHL6
ENSG00000277134	Q8NHL6
ENSG00000277807	Q8NHL6
ENSG00000164073	Q8NHS3
ENSG00000185716	Q8NHV5
ENSG00000164509	Q8NI17
ENSG00000150556	Q8NI32
ENSG00000165194	Q8TAB3
ENSG00000197753	Q8TAF8
ENSG00000129636	Q8TB96
ENSG00000013293	Q8TBB6
ENSG00000172568	Q8TBE3
ENSG00000285868	Q8TBE3
ENSG00000163630	Q8TBG9
ENSG00000148123	Q8TBJ4
ENSG00000276539	Q8TBJ4
ENSG00000174132	Q8TBP5
ENSG00000197140	Q8TC27
ENSG00000275594	Q8TC27
ENSG00000180785	Q8TCB6
ENSG00000149452	Q8TCC7
ENSG00000163527	Q8TCJ2
ENSG00000005206	Q8TCT7
ENSG00000138600	Q8TCT8
ENSG00000198785	Q8TCU5
ENSG00000170044	Q8TCW7
ENSG00000169618	Q8TCW9
ENSG00000164520	Q8TD07
ENSG00000146411	Q8TD20
ENSG00000163606	Q8TD46
ENSG00000177103	Q8TD84
ENSG00000173262	Q8TDB8
ENSG00000166342	Q8TDF5
ENSG00000177202	Q8TDM5
ENSG00000168418	Q8TDN1
ENSG00000168263	Q8TDN2
ENSG00000135077	Q8TDQ0
ENSG00000186074	Q8TDQ1
ENSG00000182782	Q8TDS4
ENSG00000162881	Q8TDS5
ENSG00000172938	Q8TDS7
ENSG00000175514	Q8TDT2
ENSG00000179921	Q8TDU6
ENSG00000173080	Q8TDU9
ENSG00000173250	Q8TDV0
ENSG00000173302	Q8TDV2
ENSG00000147262	Q8TDV5
ENSG00000165323	Q8TDW7
ENSG00000158683	Q8TDX9
ENSG00000103742	Q8TDY8
ENSG00000179002	Q8TE23
ENSG00000133135	Q8TEB7
ENSG00000134955	Q8TED4
ENSG00000132182	Q8TEM1
ENSG00000165282	Q8TEQ8
ENSG00000172061	Q8TF66
ENSG00000158555	Q8WTR4
ENSG00000073060	Q8WTV0
ENSG00000111666	Q8WUD6
ENSG00000092096	Q8WUG5
ENSG00000125872	Q8WUT4
ENSG00000017483	Q8WUX1
ENSG00000184497	Q8WV15
ENSG00000157111	Q8WVE6
ENSG00000141574	Q8WVN6
ENSG00000105983	Q8WVP7
ENSG00000124508	Q8WVV5
ENSG00000179914	Q8WWA0
ENSG00000198715	Q8WWB7
ENSG00000105428	Q8WWF5
ENSG00000169752	Q8WWG1
ENSG00000070214	Q8WWI5
ENSG00000136011	Q8WWQ8
ENSG00000158296	Q8WWT9
ENSG00000162897	Q8WWV6
ENSG00000158865	Q8WWX8
ENSG00000288216	Q8WWX8
ENSG00000154265	Q8WWZ7
ENSG00000178084	Q8WXA8
ENSG00000133105	Q8WXD0
ENSG00000164199	Q8WXG9
ENSG00000181143	Q8WXI7
ENSG00000171227	Q8WXS4
ENSG00000142408	Q8WXS5
ENSG00000165349	Q8WY07
ENSG00000108018	Q8WY21
ENSG00000155052	Q8WYK1
ENSG00000249992	Q8WZ71
ENSG00000196341	Q8WZ84
ENSG00000183303	Q8WZ92
ENSG00000276025	Q8WZ92
ENSG00000280931	Q8WZ92
ENSG00000182334	Q8WZ94
ENSG00000278253	Q8WZ94
ENSG00000280808	Q8WZ94
ENSG00000103335	Q92508
ENSG00000103064	Q92536
ENSG00000100647	Q92537
ENSG00000162736	Q92542
ENSG00000101337	Q92544
ENSG00000198689	Q92581
ENSG00000170624	Q92629
ENSG00000198121	Q92633
ENSG00000137642	Q92673
ENSG00000130202	Q92692
ENSG00000060656	Q92729
ENSG00000091129	Q92823
ENSG00000099139	Q92824
ENSG00000158813	Q92838
ENSG00000121853	Q92847
ENSG00000187764	Q92854
ENSG00000067141	Q92859
ENSG00000023839	Q92887
ENSG00000105641	Q92911
ENSG00000155093	Q92932
ENSG00000157873	Q92956
ENSG00000273936	Q92956
ENSG00000174640	Q92959
ENSG00000134256	Q93033
ENSG00000215788	Q93038
ENSG00000111339	Q93070
ENSG00000153029	Q95460
ENSG00000116014	Q969F8
ENSG00000139209	Q969I6
ENSG00000124155	Q969N2
ENSG00000146385	Q969N4
ENSG00000162729	Q969P0
ENSG00000152034	Q969V1
ENSG00000124225	Q969W9
ENSG00000054967	Q969Z4
ENSG00000184988	Q96A25
ENSG00000162723	Q96A28
ENSG00000172935	Q96AM1
ENSG00000149564	Q96AP7
ENSG00000182175	Q96B86
ENSG00000101187	Q96BD0
ENSG00000167664	Q96BF3
ENSG00000163762	Q96CE8
ENSG00000164849	Q96CH1
ENSG00000196358	Q96CW9
ENSG00000113249	Q96D42
ENSG00000198892	Q96DD7
ENSG00000162739	Q96DU3
ENSG00000139187	Q96E93
ENSG00000145248	Q96EP9
ENSG00000171067	Q96F05
ENSG00000177663	Q96F46
ENSG00000154309	Q96F81
ENSG00000169783	Q96FE5
ENSG00000100100	Q96FE7
ENSG00000142494	Q96FL8
ENSG00000072182	Q96FT7
ENSG00000048140	Q96FV3
ENSG00000244165	Q96G91
ENSG00000244486	Q96GP6
ENSG00000132692	Q96GW7
ENSG00000168778	Q96GX1
ENSG00000114544	Q96GZ6
ENSG00000145850	Q96H15
ENSG00000131591	Q96HA4
ENSG00000019102	Q96IQ7
ENSG00000113621	Q96J42
ENSG00000140798	Q96J65
ENSG00000121270	Q96J66
ENSG00000183853	Q96J84
ENSG00000144749	Q96JA1
ENSG00000166479	Q96JJ7
ENSG00000148600	Q96JP9
ENSG00000166341	Q96JQ0
ENSG00000136052	Q96JW4
ENSG00000153214	Q96K49
ENSG00000144820	Q96K78
ENSG00000145794	Q96KG7
ENSG00000124134	Q96KK3
ENSG00000204689	Q96KK4
ENSG00000206474	Q96KK4
ENSG00000224234	Q96KK4
ENSG00000229412	Q96KK4
ENSG00000230505	Q96KK4
ENSG00000232397	Q96KK4
ENSG00000157303	Q96L08
ENSG00000132704	Q96LA5
ENSG00000163534	Q96LA6
ENSG00000179817	Q96LA9
ENSG00000179826	Q96LB0
ENSG00000183695	Q96LB1
ENSG00000170255	Q96LB2
ENSG00000142512	Q96LC7
ENSG00000185053	Q96LD1
ENSG00000156875	Q96MC6
ENSG00000154134	Q96MS0
ENSG00000183762	Q96MU8
ENSG00000173264	Q96N19
ENSG00000164363	Q96N87
ENSG00000165379	Q96NI6
ENSG00000165186	Q96NR3
ENSG00000076351	Q96NT5
ENSG00000154529	Q96NU0
ENSG00000143217	Q96NY8
ENSG00000160856	Q96P31
ENSG00000186867	Q96P65
ENSG00000165370	Q96P66
ENSG00000171657	Q96P67
ENSG00000165621	Q96P68
ENSG00000155269	Q96P69
ENSG00000127995	Q96PB1
ENSG00000179796	Q96PB8
ENSG00000057019	Q96PD2
ENSG00000020181	Q96PE1
ENSG00000197430	Q96PE5
ENSG00000163518	Q96PJ5
ENSG00000119913	Q96PL2
ENSG00000164010	Q96PL5
ENSG00000184985	Q96PQ0
ENSG00000254521	Q96PQ1
ENSG00000143595	Q96PS8
ENSG00000178235	Q96PX8
ENSG00000183117	Q96PZ7
ENSG00000134294	Q96QD8
ENSG00000151229	Q96QE2
ENSG00000185158	Q96QE4
ENSG00000150275	Q96QU1
ENSG00000172362	Q96R08
ENSG00000172365	Q96R09
ENSG00000171180	Q96R27
ENSG00000198601	Q96R28
ENSG00000182613	Q96R30
ENSG00000243896	Q96R45
ENSG00000284749	Q96R45
ENSG00000284827	Q96R45
ENSG00000221938	Q96R47
ENSG00000221836	Q96R48
ENSG00000284896	Q96R48
ENSG00000241128	Q96R54
ENSG00000221954	Q96R67
ENSG00000284255	Q96R67
ENSG00000188000	Q96RA2
ENSG00000255223	Q96RB7
ENSG00000280090	Q96RC9
ENSG00000284680	Q96RD0
ENSG00000205330	Q96RD1
ENSG00000255307	Q96RD2
ENSG00000205409	Q96RD3
ENSG00000073150	Q96RD6
ENSG00000110218	Q96RD7
ENSG00000143297	Q96RD9
ENSG00000127533	Q96RI0
ENSG00000146383	Q96RI8
ENSG00000237110	Q96RI9
ENSG00000146399	Q96RJ0
ENSG00000161640	Q96RL6
ENSG00000112053	Q96RN1
ENSG00000100731	Q96RV3
ENSG00000197891	Q96S37
ENSG00000179820	Q96S97
ENSG00000168528	Q96SA4
ENSG00000157570	Q96SJ8
ENSG00000138463	Q96SL1
ENSG00000065923	Q96T83
ENSG00000119535	Q99062
ENSG00000113070	Q99075
ENSG00000145113	Q99102
ENSG00000136531	Q99250
ENSG00000104499	Q99445
ENSG00000204301	Q99466
ENSG00000223355	Q99466
ENSG00000234876	Q99466
ENSG00000238196	Q99466
ENSG00000134061	Q99467
ENSG00000213694	Q99500
ENSG00000134243	Q99523
ENSG00000164850	Q99527
ENSG00000135124	Q99571
ENSG00000089041	Q99572
ENSG00000145623	Q99650
ENSG00000081985	Q99665
ENSG00000147145	Q99677
ENSG00000204882	Q99678
ENSG00000275181	Q99678
ENSG00000291465	Q99678
ENSG00000188394	Q99679
ENSG00000172209	Q99680
ENSG00000283812	Q99680
ENSG00000128285	Q99705
ENSG00000189013	Q99706
ENSG00000273575	Q99706
ENSG00000274232	Q99706
ENSG00000274609	Q99706
ENSG00000274955	Q99706
ENSG00000275317	Q99706
ENSG00000275456	Q99706
ENSG00000275699	Q99706
ENSG00000276044	Q99706
ENSG00000276779	Q99706
ENSG00000277362	Q99706
ENSG00000277750	Q99706
ENSG00000277964	Q99706
ENSG00000278074	Q99706
ENSG00000278271	Q99706
ENSG00000278430	Q99706
ENSG00000283869	Q99706
ENSG00000283961	Q99706
ENSG00000284013	Q99706
ENSG00000284365	Q99706
ENSG00000284460	Q99706
ENSG00000284509	Q99706
ENSG00000167972	Q99758
ENSG00000174600	Q99788
ENSG00000143167	Q99795
ENSG00000125304	Q99805
ENSG00000112759	Q99808
ENSG00000128602	Q99835
ENSG00000011083	Q99884
ENSG00000182256	Q99928
ENSG00000104755	Q99965
ENSG00000276286	Q99965
ENSG00000181631	Q9BPV8
ENSG00000197646	Q9BQ51
ENSG00000089472	Q9BQS7
ENSG00000139182	Q9BQT9
ENSG00000288427	Q9BQT9
ENSG00000162576	Q9BRK3
ENSG00000138459	Q9BS91
ENSG00000141540	Q9BSA4
ENSG00000131634	Q9BSN7
ENSG00000243566	Q9BT76
ENSG00000276184	Q9BT76
ENSG00000126243	Q9BTN0
ENSG00000130545	Q9BUF7
ENSG00000135472	Q9BWQ8
ENSG00000144857	Q9BWV1
ENSG00000166086	Q9BX67
ENSG00000130300	Q9BX97
ENSG00000198829	Q9BXA5
ENSG00000205213	Q9BXB1
ENSG00000196917	Q9BXC0
ENSG00000147138	Q9BXC1
ENSG00000166126	Q9BXJ7
ENSG00000172243	Q9BXN2
ENSG00000146828	Q9BXP2
ENSG00000174123	Q9BXR5
ENSG00000225697	Q9BXS9
ENSG00000130433	Q9BXT2
ENSG00000188687	Q9BY07
ENSG00000119457	Q9BY10
ENSG00000131126	Q9BY14
ENSG00000131355	Q9BY15
ENSG00000138271	Q9BY21
ENSG00000182985	Q9BY67
ENSG00000235718	Q9BY79
ENSG00000137747	Q9BYE2
ENSG00000074276	Q9BYE9
ENSG00000130234	Q9BYF1
ENSG00000101194	Q9BYT1
ENSG00000134343	Q9BYT9
ENSG00000133460	Q9BYW1
ENSG00000275744	Q9BYW1
ENSG00000149451	Q9BZ11
ENSG00000106714	Q9BZ76
ENSG00000102290	Q9BZA7
ENSG00000099715	Q9BZA8
ENSG00000107331	Q9BZC7
ENSG00000198246	Q9BZD2
ENSG00000142513	Q9BZG2
ENSG00000112218	Q9BZJ6
ENSG00000180929	Q9BZJ7
ENSG00000156097	Q9BZJ8
ENSG00000131019	Q9BZM4
ENSG00000131015	Q9BZM5
ENSG00000111981	Q9BZM6
ENSG00000040608	Q9BZR6
ENSG00000135917	Q9BZV2
ENSG00000081148	Q9BZV3
ENSG00000081800	Q9BZW2
ENSG00000122223	Q9BZW8
ENSG00000088827	Q9BZZ2
ENSG00000152910	Q9C0A0
ENSG00000156599	Q9C0B5
ENSG00000168758	Q9C0C4
ENSG00000136295	Q9C0H2
ENSG00000144229	Q9C0I4
ENSG00000138821	Q9C0K1
ENSG00000168131	Q9GZK3
ENSG00000204688	Q9GZK4
ENSG00000206471	Q9GZK4
ENSG00000206516	Q9GZK4
ENSG00000224395	Q9GZK4
ENSG00000229125	Q9GZK4
ENSG00000229408	Q9GZK4
ENSG00000232984	Q9GZK4
ENSG00000235132	Q9GZK4
ENSG00000204702	Q9GZK6
ENSG00000226931	Q9GZK6
ENSG00000204694	Q9GZK7
ENSG00000206472	Q9GZK7
ENSG00000206517	Q9GZK7
ENSG00000223898	Q9GZK7
ENSG00000230780	Q9GZK7
ENSG00000232289	Q9GZK7
ENSG00000234347	Q9GZK7
ENSG00000237258	Q9GZK7
ENSG00000279116	Q9GZM6
ENSG00000181656	Q9GZN0
ENSG00000063127	Q9GZN6
ENSG00000178201	Q9GZP7
ENSG00000132911	Q9GZQ4
ENSG00000148734	Q9GZQ6
ENSG00000090674	Q9GZU1
ENSG00000115665	Q9GZV3
ENSG00000129749	Q9GZZ6
ENSG00000125861	Q9GZZ7
ENSG00000135074	Q9H013
ENSG00000197208	Q9H015
ENSG00000114988	Q9H0V9
ENSG00000185985	Q9H156
ENSG00000248383	Q9H158
ENSG00000291670	Q9H158
ENSG00000071991	Q9H159
ENSG00000172350	Q9H172
ENSG00000184574	Q9H1C0
ENSG00000110057	Q9H1C4
ENSG00000165125	Q9H1D0
ENSG00000125827	Q9H1E5
ENSG00000106780	Q9H1U4
ENSG00000197106	Q9H1V8
ENSG00000054277	Q9H1Y3
ENSG00000279486	Q9H205
ENSG00000166363	Q9H207
ENSG00000170790	Q9H208
ENSG00000170782	Q9H209
ENSG00000166368	Q9H210
ENSG00000138075	Q9H222
ENSG00000180739	Q9H228
ENSG00000169313	Q9H244
ENSG00000107736	Q9H251
ENSG00000167332	Q9H255
ENSG00000164935	Q9H295
ENSG00000161921	Q9H2A7
ENSG00000145217	Q9H2B4
ENSG00000171944	Q9H2C5
ENSG00000092421	Q9H2E6
ENSG00000111371	Q9H2H9
ENSG00000072041	Q9H2J7
ENSG00000069206	Q9H2U9
ENSG00000110077	Q9H2W1
ENSG00000104938	Q9H2X3
ENSG00000124140	Q9H2X9
ENSG00000137571	Q9H2Y9
ENSG00000167614	Q9H313
ENSG00000275650	Q9H313
ENSG00000276537	Q9H313
ENSG00000276887	Q9H313
ENSG00000106771	Q9H330
ENSG00000167355	Q9H339
ENSG00000176239	Q9H340
ENSG00000184698	Q9H341
ENSG00000167359	Q9H343
ENSG00000187918	Q9H344
ENSG00000181609	Q9H346
ENSG00000134489	Q9H3N8
ENSG00000173702	Q9H3R2
ENSG00000196189	Q9H3S1
ENSG00000166682	Q9H3S3
ENSG00000143434	Q9H3T2
ENSG00000167680	Q9H3T3
ENSG00000173114	Q9H3W5
ENSG00000177283	Q9H461
ENSG00000167261	Q9H4A9
ENSG00000141096	Q9H4B8
ENSG00000158258	Q9H4D0
ENSG00000101438	Q9H598
ENSG00000154864	Q9H5I5
ENSG00000163814	Q9H5V8
ENSG00000184564	Q9H5Y7
ENSG00000126246	Q9H665
ENSG00000166250	Q9H6B4
ENSG00000115226	Q9H6D8
ENSG00000205084	Q9H6L2
ENSG00000169604	Q9H6X2
ENSG00000108523	Q9H6Y7
ENSG00000184434	Q9H756
ENSG00000133657	Q9H7F0
ENSG00000107738	Q9H7M9
ENSG00000104361	Q9H841
ENSG00000111261	Q9H8J5
ENSG00000281818	Q9H8J5
ENSG00000148842	Q9H8M5
ENSG00000188818	Q9H8X9
ENSG00000226887	Q9H9K5
ENSG00000154645	Q9H9P2
ENSG00000181027	Q9H9S5
ENSG00000138172	Q9HA72
ENSG00000185803	Q9HAB3
ENSG00000285112	Q9HAB3
ENSG00000150471	Q9HAR2
ENSG00000197506	Q9HAS3
ENSG00000131080	Q9HAV5
ENSG00000115598	Q9HB29
ENSG00000171596	Q9HB89
ENSG00000111199	Q9HBA0
ENSG00000099834	Q9HBB8
ENSG00000103522	Q9HBE5
ENSG00000122224	Q9HBG7
ENSG00000147003	Q9HBJ8
ENSG00000144771	Q9HBL6
ENSG00000101542	Q9HBT6
ENSG00000118434	Q9HBV2
ENSG00000064547	Q9HBW0
ENSG00000128594	Q9HBW1
ENSG00000162618	Q9HBW9
ENSG00000133067	Q9HBX8
ENSG00000171509	Q9HBX9
ENSG00000184226	Q9HC56
ENSG00000185052	Q9HC58
ENSG00000205755	Q9HC73
ENSG00000292363	Q9HC73
ENSG00000178623	Q9HC97
ENSG00000130055	Q9HCC8
ENSG00000154122	Q9HCJ1
ENSG00000148948	Q9HCJ2
ENSG00000185008	Q9HCK4
ENSG00000189184	Q9HCL0
ENSG00000221866	Q9HCM2
ENSG00000129925	Q9HCN3
ENSG00000088053	Q9HCN6
ENSG00000274050	Q9HCN6
ENSG00000274566	Q9HCN6
ENSG00000275633	Q9HCN6
ENSG00000275931	Q9HCN6
ENSG00000276065	Q9HCN6
ENSG00000276211	Q9HCN6
ENSG00000277439	Q9HCN6
ENSG00000278316	Q9HCN6
ENSG00000278670	Q9HCN6
ENSG00000174807	Q9HCU0
ENSG00000143126	Q9HCU4
ENSG00000105726	Q9HD20
ENSG00000080031	Q9HD43
ENSG00000077147	Q9HD45
ENSG00000021645	Q9HDB5
ENSG00000138449	Q9NP59
ENSG00000189108	Q9NP60
ENSG00000150967	Q9NP78
ENSG00000163817	Q9NP91
ENSG00000165794	Q9NP94
ENSG00000124731	Q9NP99
ENSG00000171121	Q9NPA1
ENSG00000008516	Q9NPA2
ENSG00000129048	Q9NPB9
ENSG00000213906	Q9NPC1
ENSG00000285203	Q9NPC1
ENSG00000111700	Q9NPD5
ENSG00000257046	Q9NPD5
ENSG00000124785	Q9NPD7
ENSG00000167775	Q9NPF0
ENSG00000104290	Q9NPG1
ENSG00000113555	Q9NPG4
ENSG00000196083	Q9NPH3
ENSG00000086991	Q9NPH5
ENSG00000185033	Q9NPR2
ENSG00000125734	Q9NPR9
ENSG00000227051	Q9NPU4
ENSG00000125810	Q9NPY3
ENSG00000159363	Q9NQ11
ENSG00000026751	Q9NQ25
ENSG00000175348	Q9NQ34
ENSG00000101276	Q9NQ40
ENSG00000120160	Q9NQ60
ENSG00000170412	Q9NQ84
ENSG00000291917	Q9NQ84
ENSG00000047617	Q9NQ90
ENSG00000127412	Q9NQA5
ENSG00000274348	Q9NQA5
ENSG00000278889	Q9NQN1
ENSG00000177707	Q9NQS3
ENSG00000139572	Q9NQS5
ENSG00000135916	Q9NQX7
ENSG00000177675	Q9NR16
ENSG00000128917	Q9NR61
ENSG00000239732	Q9NR96
ENSG00000101916	Q9NR97
ENSG00000119899	Q9NRA2
ENSG00000140279	Q9NRD8
ENSG00000137857	Q9NRD9
ENSG00000272674	Q9NRJ7
ENSG00000291684	Q9NRJ7
ENSG00000109667	Q9NRM0
ENSG00000056736	Q9NRM6
ENSG00000116176	Q9NRR2
ENSG00000111897	Q9NRX5
ENSG00000136114	Q9NS62
ENSG00000177519	Q9NS64
ENSG00000184194	Q9NS66
ENSG00000170837	Q9NS67
ENSG00000127863	Q9NS68
ENSG00000152207	Q9NS75
ENSG00000130876	Q9NS82
ENSG00000064115	Q9NS93
ENSG00000168065	Q9NSA0
ENSG00000010379	Q9NSD5
ENSG00000182631	Q9NSD7
ENSG00000277069	Q9NSD7
ENSG00000183067	Q9NSI5
ENSG00000145934	Q9NT68
ENSG00000131409	Q9NT99
ENSG00000130943	Q9NTG1
ENSG00000095539	Q9NTN9
ENSG00000189433	Q9NTQ9
ENSG00000055211	Q9NU53
ENSG00000029364	Q9NUM3
ENSG00000106460	Q9NUM4
ENSG00000168216	Q9NUN5
ENSG00000146859	Q9NV12
ENSG00000112697	Q9NV96
ENSG00000132517	Q9NWF4
ENSG00000158315	Q9NX52
ENSG00000064545	Q9NX61
ENSG00000072858	Q9NXL6
ENSG00000010327	Q9NY15
ENSG00000258227	Q9NY25
ENSG00000080822	Q9NY35
ENSG00000256394	Q9NY37
ENSG00000153253	Q9NY46
ENSG00000136856	Q9NY64
ENSG00000166257	Q9NY72
ENSG00000100191	Q9NY91
ENSG00000139155	Q9NYB5
ENSG00000090932	Q9NYJ7
ENSG00000196664	Q9NYK1
ENSG00000123901	Q9NYM4
ENSG00000075275	Q9NYQ6
ENSG00000008300	Q9NYQ7
ENSG00000086570	Q9NYQ8
ENSG00000128519	Q9NYV7
ENSG00000212127	Q9NYV8
ENSG00000261984	Q9NYV8
ENSG00000276541	Q9NYV8
ENSG00000121318	Q9NYW0
ENSG00000272805	Q9NYW0
ENSG00000277238	Q9NYW0
ENSG00000121381	Q9NYW1
ENSG00000273086	Q9NYW1
ENSG00000273713	Q9NYW1
ENSG00000121314	Q9NYW2
ENSG00000272712	Q9NYW2
ENSG00000277316	Q9NYW2
ENSG00000121377	Q9NYW3
ENSG00000273326	Q9NYW3
ENSG00000274327	Q9NYW3
ENSG00000127364	Q9NYW5
ENSG00000127362	Q9NYW6
ENSG00000169777	Q9NYW7
ENSG00000130643	Q9NYX4
ENSG00000105366	Q9NYZ4
ENSG00000114631	Q9NZ53
ENSG00000196338	Q9NZ94
ENSG00000095970	Q9NZC2
ENSG00000111291	Q9NZD1
ENSG00000167191	Q9NZH0
ENSG00000138119	Q9NZM1
ENSG00000169306	Q9NZN1
ENSG00000205329	Q9NZP0
ENSG00000179695	Q9NZP2
ENSG00000196578	Q9NZP5
ENSG00000120217	Q9NZQ7
ENSG00000168702	Q9NZR2
ENSG00000150045	Q9NZS2
ENSG00000125848	Q9NZU0
ENSG00000126500	Q9NZU1
ENSG00000150938	Q9NZV1
ENSG00000008277	Q9P0K1
ENSG00000107593	Q9P0L9
ENSG00000116857	Q9P0T7
ENSG00000158714	Q9P0V8
ENSG00000100346	Q9P0X4
ENSG00000182667	Q9P121
ENSG00000165682	Q9P126
ENSG00000146378	Q9P1P5
ENSG00000172146	Q9P1Q5
ENSG00000165548	Q9P1W3
ENSG00000089012	Q9P1W8
ENSG00000113805	Q9P232
ENSG00000128011	Q9P244
ENSG00000291874	Q9P244
ENSG00000218336	Q9P273
ENSG00000082684	Q9P283
ENSG00000134830	Q9P296
ENSG00000134247	Q9P2B2
ENSG00000138650	Q9P2E7
ENSG00000085552	Q9P2J2
ENSG00000204624	Q9P2K9
ENSG00000110076	Q9P2S2
ENSG00000104888	Q9P2U7
ENSG00000091664	Q9P2U8
ENSG00000148602	Q9P2V4
ENSG00000140519	Q9UBD6
ENSG00000011028	Q9UBG0
ENSG00000187848	Q9UBL9
ENSG00000075461	Q9UBN1
ENSG00000173530	Q9UBN6
ENSG00000204681	Q9UBS5
ENSG00000206466	Q9UBS5
ENSG00000206511	Q9UBS5
ENSG00000232569	Q9UBS5
ENSG00000232632	Q9UBS5
ENSG00000237051	Q9UBS5
ENSG00000237112	Q9UBS5
ENSG00000094975	Q9UBS9
ENSG00000115616	Q9UBY0
ENSG00000171517	Q9UBY5
ENSG00000133116	Q9UEF7
ENSG00000075429	Q9UF02
ENSG00000080224	Q9UF33
ENSG00000112459	Q9UGF5
ENSG00000204695	Q9UGF5
ENSG00000225291	Q9UGF5
ENSG00000234100	Q9UGF5
ENSG00000234195	Q9UGF5
ENSG00000236927	Q9UGF5
ENSG00000237777	Q9UGF5
ENSG00000112461	Q9UGF6
ENSG00000227137	Q9UGF6
ENSG00000233046	Q9UGF6
ENSG00000243441	Q9UGF6
ENSG00000243729	Q9UGF6
ENSG00000112462	Q9UGF7
ENSG00000204692	Q9UGF7
ENSG00000224487	Q9UGF7
ENSG00000242022	Q9UGF7
ENSG00000089057	Q9UGH3
ENSG00000174343	Q9UGM1
ENSG00000167851	Q9UGN4
ENSG00000291918	Q9UGN4
ENSG00000160326	Q9UGQ3
ENSG00000281165	Q9UGQ3
ENSG00000099994	Q9UGT4
ENSG00000174469	Q9UHC6
ENSG00000278728	Q9UHC6
ENSG00000015520	Q9UHC9
ENSG00000016402	Q9UHF4
ENSG00000170482	Q9UHI7
ENSG00000122375	Q9UHM6
ENSG00000069493	Q9UHP7
ENSG00000140199	Q9UHW9
ENSG00000127507	Q9UHX3
ENSG00000168356	Q9UI33
ENSG00000155886	Q9UI40
ENSG00000066294	Q9UIB8
ENSG00000176463	Q9UIG8
ENSG00000144339	Q9UIK5
ENSG00000113441	Q9UIQ6
ENSG00000114554	Q9UIW2
ENSG00000131067	Q9UJ14
ENSG00000173890	Q9UJ42
ENSG00000149654	Q9UJ99
ENSG00000112796	Q9UJA9
ENSG00000125869	Q9UJQ1
ENSG00000103174	Q9UK23
ENSG00000196581	Q9UKB5
ENSG00000134249	Q9UKF2
ENSG00000168594	Q9UKF5
ENSG00000164707	Q9UKG4
ENSG00000121716	Q9UKJ0
ENSG00000085514	Q9UKJ1
ENSG00000139985	Q9UKJ8
ENSG00000182070	Q9UKL2
ENSG00000159248	Q9UKL4
ENSG00000205277	Q9UKN1
ENSG00000181408	Q9UKP6
ENSG00000042980	Q9UKQ2
ENSG00000072657	Q9UKU6
ENSG00000137809	Q9UKX5
ENSG00000171864	Q9UKY0
ENSG00000009694	Q9UKZ4
ENSG00000087128	Q9UL52
ENSG00000179915	Q9ULB1
ENSG00000113100	Q9ULB4
ENSG00000081138	Q9ULB5
ENSG00000164035	Q9ULC0
ENSG00000196950	Q9ULF5
ENSG00000156564	Q9ULH4
ENSG00000173706	Q9ULI3
ENSG00000182771	Q9ULK0
ENSG00000170153	Q9ULK6
ENSG00000198753	Q9ULL4
ENSG00000186815	Q9ULQ1
ENSG00000174804	Q9ULV1
ENSG00000111432	Q9ULW2
ENSG00000118298	Q9ULX7
ENSG00000198598	Q9ULZ9
ENSG00000114455	Q9UM44
ENSG00000074181	Q9UM47
ENSG00000171094	Q9UM73
ENSG00000105376	Q9UMF0
ENSG00000164175	Q9UMX9
ENSG00000101892	Q9UN42
ENSG00000120322	Q9UN66
ENSG00000291682	Q9UN66
ENSG00000120324	Q9UN67
ENSG00000291689	Q9UN67
ENSG00000240184	Q9UN70
ENSG00000253953	Q9UN71
ENSG00000204963	Q9UN72
ENSG00000291655	Q9UN72
ENSG00000081842	Q9UN73
ENSG00000291654	Q9UN73
ENSG00000204967	Q9UN74
ENSG00000291652	Q9UN74
ENSG00000251664	Q9UN75
ENSG00000291663	Q9UN75
ENSG00000268104	Q9UN76
ENSG00000268089	Q9UN88
ENSG00000135960	Q9UNE0
ENSG00000120337	Q9UNG2
ENSG00000101000	Q9UNN8
ENSG00000118777	Q9UNQ0
ENSG00000183484	Q9UNW8
ENSG00000157240	Q9UP38
ENSG00000124067	Q9UP95
ENSG00000171659	Q9UPC5
ENSG00000119686	Q9UPI3
ENSG00000118160	Q9UPR5
ENSG00000156395	Q9UPU3
ENSG00000080854	Q9UPX0
ENSG00000005108	Q9UPZ6
ENSG00000134115	Q9UQ52
ENSG00000137975	Q9UQC9
ENSG00000196876	Q9UQD0
ENSG00000242950	Q9UQF0
ENSG00000168060	Q9UQQ1
ENSG00000078081	Q9UQV4
ENSG00000184916	Q9Y219
ENSG00000172940	Q9Y226
ENSG00000144671	Q9Y267
ENSG00000173198	Q9Y271
ENSG00000102524	Q9Y275
ENSG00000168995	Q9Y286
ENSG00000136156	Q9Y287
ENSG00000138074	Q9Y289
ENSG00000174130	Q9Y2C9
ENSG00000162631	Q9Y2I2
ENSG00000203737	Q9Y2T5
ENSG00000135898	Q9Y2T6
ENSG00000129450	Q9Y336
ENSG00000165970	Q9Y345
ENSG00000134970	Q9Y3B3
ENSG00000251201	Q9Y3B3
ENSG00000204704	Q9Y3N9
ENSG00000206525	Q9Y3N9
ENSG00000226463	Q9Y3N9
ENSG00000227639	Q9Y3N9
ENSG00000228652	Q9Y3N9
ENSG00000228977	Q9Y3N9
ENSG00000229328	Q9Y3N9
ENSG00000234101	Q9Y3N9
ENSG00000137078	Q9Y3P8
ENSG00000168619	Q9Y3Q7
ENSG00000278548	Q9Y3Q7
ENSG00000185344	Q9Y487
ENSG00000146839	Q9Y493
ENSG00000186723	Q9Y4A9
ENSG00000021645	Q9Y4C0
ENSG00000134780	Q9Y4D2
ENSG00000004399	Q9Y4D7
ENSG00000147650	Q9Y561
ENSG00000172150	Q9Y585
ENSG00000177839	Q9Y5E1
ENSG00000291687	Q9Y5E1
ENSG00000113212	Q9Y5E2
ENSG00000291681	Q9Y5E2
ENSG00000113211	Q9Y5E3
ENSG00000291679	Q9Y5E3
ENSG00000113209	Q9Y5E4
ENSG00000291677	Q9Y5E4
ENSG00000081818	Q9Y5E5
ENSG00000291676	Q9Y5E5
ENSG00000113205	Q9Y5E6
ENSG00000112852	Q9Y5E7
ENSG00000291672	Q9Y5E7
ENSG00000113248	Q9Y5E8
ENSG00000291695	Q9Y5E8
ENSG00000120327	Q9Y5E9
ENSG00000291693	Q9Y5E9
ENSG00000187372	Q9Y5F0
ENSG00000291692	Q9Y5F0
ENSG00000120328	Q9Y5F1
ENSG00000291691	Q9Y5F1
ENSG00000197479	Q9Y5F2
ENSG00000291690	Q9Y5F2
ENSG00000171815	Q9Y5F3
ENSG00000291669	Q9Y5F3
ENSG00000240764	Q9Y5F6
ENSG00000242419	Q9Y5F7
ENSG00000254122	Q9Y5F8
ENSG00000253305	Q9Y5F9
ENSG00000276547	Q9Y5G0
ENSG00000262209	Q9Y5G1
ENSG00000253910	Q9Y5G2
ENSG00000254221	Q9Y5G3
ENSG00000261934	Q9Y5G4
ENSG00000253767	Q9Y5G5
ENSG00000253537	Q9Y5G6
ENSG00000253731	Q9Y5G7
ENSG00000253485	Q9Y5G8
ENSG00000262576	Q9Y5G9
ENSG00000254245	Q9Y5H0
ENSG00000081853	Q9Y5H1
ENSG00000253873	Q9Y5H2
ENSG00000253846	Q9Y5H3
ENSG00000204956	Q9Y5H4
ENSG00000204961	Q9Y5H5
ENSG00000291657	Q9Y5H5
ENSG00000204962	Q9Y5H6
ENSG00000291656	Q9Y5H6
ENSG00000204965	Q9Y5H7
ENSG00000291653	Q9Y5H7
ENSG00000255408	Q9Y5H8
ENSG00000291651	Q9Y5H8
ENSG00000204969	Q9Y5H9
ENSG00000291650	Q9Y5H9
ENSG00000239389	Q9Y5I0
ENSG00000291666	Q9Y5I0
ENSG00000249158	Q9Y5I1
ENSG00000291662	Q9Y5I1
ENSG00000250120	Q9Y5I2
ENSG00000291659	Q9Y5I2
ENSG00000204970	Q9Y5I3
ENSG00000291649	Q9Y5I3
ENSG00000243232	Q9Y5I4
ENSG00000291668	Q9Y5I4
ENSG00000113946	Q9Y5I7
ENSG00000101180	Q9Y5N1
ENSG00000183251	Q9Y5P0
ENSG00000279012	Q9Y5P1
ENSG00000145244	Q9Y5Q5
ENSG00000187688	Q9Y5S1
ENSG00000186891	Q9Y5U5
ENSG00000056291	Q9Y5X5
ENSG00000162769	Q9Y5Y0
ENSG00000135973	Q9Y5Y3
ENSG00000183134	Q9Y5Y4
ENSG00000133800	Q9Y5Y7
ENSG00000185313	Q9Y5Y9
ENSG00000182240	Q9Y5Z0
ENSG00000158769	Q9Y624
ENSG00000183098	Q9Y625
ENSG00000156642	Q9Y639
ENSG00000205336	Q9Y653
ENSG00000113504	Q9Y666
ENSG00000197584	Q9Y691
ENSG00000275163	Q9Y691
ENSG00000137204	Q9Y694
ENSG00000166862	Q9Y698
ENSG00000072952	Q9Y6F6
ENSG00000121743	Q9Y6H8
ENSG00000134538	Q9Y6L6
ENSG00000007038	Q9Y6M0
ENSG00000170385	Q9Y6M5
ENSG00000033867	Q9Y6M7
ENSG00000169855	Q9Y6N7
ENSG00000040731	Q9Y6N8
ENSG00000141655	Q9Y6Q6
ENSG00000080493	Q9Y6R1
ENSG00000163600	Q9Y6W8
ENSG00000001561	Q9Y6X5
